交易日期,合约系列,成交量,持仓量,持仓量变化,成交额,行权量,隐含波动率,隐含波动率(%)
2024-09-02,pb2412,1057,712,712,145.297,0,0.18594,18.594
2024-09-02,pb2501,274,209,209,54.242,0,0.182961,18.2961
2024-09-02,小计,1331,921,921,199.539,0,,
2024-09-03,pb2412,1552,1457,745,207.9435,0,0.174768,17.4768
2024-09-03,pb2501,200,346,137,30.1745,0,0.180824,18.0824
2024-09-03,小计,1752,1803,882,238.118,0,,
2024-09-04,pb2412,1205,1797,340,117.5435,0,0.19787,19.787
2024-09-04,pb2501,117,401,55,14.2155,0,0.191238,19.1238
2024-09-04,小计,1322,2198,395,131.759,0,,
2024-09-05,pb2412,1868,2239,442,321.4705,0,0.190159,19.0159
2024-09-05,pb2501,452,582,181,101.981,0,0.18482,18.482
2024-09-05,小计,2320,2821,623,423.4515,0,,
2024-09-06,pb2412,1192,2265,26,181.2815,0,0.199853,19.9853
2024-09-06,pb2501,234,716,134,37.815,0,0.189788,18.9788
2024-09-06,小计,1426,2981,160,219.0965,0,,
2024-09-09,pb2412,2240,2483,218,391.8175,0,0.200865,20.0865
2024-09-09,pb2501,288,763,47,68.774,0,0.191618,19.1618
2024-09-09,小计,2528,3246,265,460.5915,0,,
2024-09-10,pb2412,2185,2566,83,392.077,0,0.202722,20.2722
2024-09-10,pb2501,346,856,93,98.2405,0,0.195495,19.5495
2024-09-10,小计,2531,3422,176,490.3175,0,,
2024-09-11,pb2412,2239,3065,499,327.9515,0,0.191981,19.1981
2024-09-11,pb2501,322,942,86,102.582,0,0.189283,18.9283
2024-09-11,小计,2561,4007,585,430.5335,0,,
2024-09-12,pb2412,960,3094,29,138.412,0,0.18864,18.864
2024-09-12,pb2501,87,966,24,23.2955,0,0.189824,18.9824
2024-09-12,小计,1047,4060,53,161.7075,0,,
2024-09-13,pb2412,1089,3304,210,129.0375,0,0.17667,17.667
2024-09-13,pb2501,43,975,9,5.691,0,0.187213,18.7213
2024-09-13,小计,1132,4279,219,134.7285,0,,
2024-09-18,pb2412,1230,3275,-29,333.3275,0,0.18537,18.537
2024-09-18,pb2501,211,1030,55,29.175,0,0.189099,18.9099
2024-09-18,小计,1441,4305,26,362.5025,0,,
2024-09-19,pb2412,1433,3367,92,365.444,0,0.188577,18.8577
2024-09-19,pb2501,244,1026,-4,74.977,0,0.185614,18.5614
2024-09-19,小计,1677,4393,88,440.421,0,,
2024-09-20,pb2412,1048,3633,266,181.7245,0,0.184785,18.4785
2024-09-20,pb2501,131,1044,18,34.857,0,0.184486,18.4486
2024-09-20,小计,1179,4677,284,216.5815,0,,
2024-09-23,pb2412,1472,3805,172,159.0365,0,0.18827,18.827
2024-09-23,pb2501,228,1057,13,55.0905,0,0.190377,19.0377
2024-09-23,小计,1700,4862,185,214.127,0,,
2024-09-24,pb2412,2058,3962,157,208.112,0,0.190114,19.0114
2024-09-24,pb2501,468,1244,187,61.2295,0,0.196586,19.6586
2024-09-24,小计,2526,5206,344,269.3415,0,,
2024-09-25,pb2412,1276,4154,192,125.0945,0,0.194089,19.4089
2024-09-25,pb2501,431,1360,116,54.919,0,0.200195,20.0195
2024-09-25,小计,1707,5514,308,180.0135,0,,
2024-09-26,pb2412,2156,3555,-599,280.227,0,0.190418,19.0418
2024-09-26,pb2501,822,1015,-345,204.683,0,0.20225,20.225
2024-09-26,小计,2978,4570,-944,484.91,0,,
2024-09-27,pb2412,4358,4877,1322,634.145,0,0.191655,19.1655
2024-09-27,pb2501,523,1179,164,222.846,0,0.179994,17.9994
2024-09-27,小计,4881,6056,1486,856.991,0,,
2024-09-30,pb2412,5223,5504,627,649.471,0,0.207887,20.7887
2024-09-30,pb2501,326,1195,16,70.1235,0,0.209067,20.9067
2024-09-30,小计,5549,6699,643,719.5945,0,,
2024-10-08,pb2412,1921,5383,-121,174.6385,0,0.21669,21.669
2024-10-08,pb2501,294,1213,18,108.285,0,0.181877,18.1877
2024-10-08,小计,2215,6596,-103,282.9235,0,,
2024-10-09,pb2412,2139,5379,-4,272.704,0,0.191944,19.1944
2024-10-09,pb2501,374,1214,1,123.8415,0,0.1961,19.61
2024-10-09,小计,2513,6593,-3,396.5455,0,,
2024-10-10,pb2412,1604,5545,166,123.022,0,0.200992,20.0992
2024-10-10,pb2501,458,1130,-84,109.868,0,0.189774,18.9774
2024-10-10,小计,2062,6675,82,232.89,0,,
2024-10-11,pb2412,903,5601,56,89.684,0,0.217663,21.7663
2024-10-11,pb2501,154,1140,10,23.5735,0,0.203732,20.3732
2024-10-11,小计,1057,6741,66,113.2575,0,,
2024-10-14,pb2412,4437,5823,222,342.106,0,0.229353,22.9353
2024-10-14,pb2501,1015,1312,172,73.4555,0,0.222935,22.2935
2024-10-14,小计,5452,7135,394,415.5615,0,,
2024-10-15,pb2412,986,6115,292,66.462,0,0.225244,22.5244
2024-10-15,pb2501,49,1316,4,7.4285,0,0.206412,20.6412
2024-10-15,小计,1035,7431,296,73.8905,0,,
2024-10-16,pb2412,2438,6518,403,239.9205,0,0.22063,22.063
2024-10-16,pb2501,637,1415,99,83.9675,0,0.210162,21.0162
2024-10-16,小计,3075,7933,502,323.888,0,,
2024-10-17,pb2412,3890,6348,-170,377.5235,0,0.219863,21.9863
2024-10-17,pb2501,444,1320,-95,69.3615,0,0.202127,20.2127
2024-10-17,小计,4334,7668,-265,446.885,0,,
2024-10-18,pb2412,1446,6422,74,120.5405,0,0.212581,21.2581
2024-10-18,pb2501,182,1338,18,33.052,0,0.20155,20.155
2024-10-18,小计,1628,7760,92,153.5925,0,,
2024-10-21,pb2412,3333,6674,252,222.0645,0,0.224399,22.4399
2024-10-21,pb2501,1179,1541,203,140.0245,0,0.20709,20.709
2024-10-21,小计,4512,8215,455,362.089,0,,
2024-10-22,pb2412,3369,7092,418,263.716,0,0.223077,22.3077
2024-10-22,pb2501,564,1585,44,76.182,0,0.216873,21.6873
2024-10-22,小计,3933,8677,462,339.898,0,,
2024-10-23,pb2412,1080,7337,245,67.9955,0,0.206732,20.6732
2024-10-23,pb2501,459,1670,85,42.9125,0,0.207025,20.7025
2024-10-23,小计,1539,9007,330,110.908,0,,
2024-10-24,pb2412,2232,7700,363,123.3005,0,0.193072,19.3072
2024-10-24,pb2501,329,1682,12,27.331,0,0.192599,19.2599
2024-10-24,小计,2561,9382,375,150.6315,0,,
2024-10-25,pb2412,3049,7493,-207,235.142,0,0.191788,19.1788
2024-10-25,pb2501,571,1626,-56,137.863,0,0.184289,18.4289
2024-10-25,小计,3620,9119,-263,373.005,0,,
2024-10-28,pb2412,3357,7662,169,156.0645,0,0.195251,19.5251
2024-10-28,pb2501,687,1805,179,82.8665,0,0.18639,18.639
2024-10-28,小计,4044,9467,348,238.931,0,,
2024-10-29,pb2412,2762,7875,213,118.518,0,0.20556,20.556
2024-10-29,pb2501,247,1810,5,38.0445,0,0.183122,18.3122
2024-10-29,小计,3009,9685,218,156.5625,0,,
2024-10-30,pb2412,3542,8286,411,173.986,0,0.196856,19.6856
2024-10-30,pb2501,458,1850,40,63.7305,0,0.19249,19.249
2024-10-30,小计,4000,10136,451,237.7165,0,,
2024-10-31,pb2412,2656,8166,-120,148.2,0,0.204137,20.4137
2024-10-31,pb2501,266,1902,52,19.0905,0,0.19433,19.433
2024-10-31,小计,2922,10068,-68,167.2905,0,,
2024-11-01,pb2412,2550,8359,193,139.874,0,0.192476,19.2476
2024-11-01,pb2501,505,1981,79,63.448,0,0.191941,19.1941
2024-11-01,小计,3055,10340,272,203.322,0,,
2024-11-04,pb2412,3665,8249,-110,224.146,0,0.198383,19.8383
2024-11-04,pb2501,1642,2240,259,233.5445,0,0.190819,19.0819
2024-11-04,小计,5307,10489,149,457.6905,0,,
2024-11-05,pb2412,1847,8168,-81,134.637,0,0.198629,19.8629
2024-11-05,pb2501,628,2179,-61,130.0485,0,0.189429,18.9429
2024-11-05,小计,2475,10347,-142,264.6855,0,,
2024-11-06,pb2412,2358,8252,84,90.9445,0,0.210914,21.0914
2024-11-06,pb2501,321,2194,15,38.6905,0,0.188794,18.8794
2024-11-06,小计,2679,10446,99,129.635,0,,
2024-11-07,pb2412,4252,8271,19,174.167,0,0.199289,19.9289
2024-11-07,pb2501,1478,2274,80,177.298,0,0.18412,18.412
2024-11-07,小计,5730,10545,99,351.465,0,,
2024-11-08,pb2412,5954,8624,353,436.1365,0,0.192699,19.2699
2024-11-08,pb2501,2146,2634,360,345.907,0,0.176392,17.6392
2024-11-08,小计,8100,11258,713,782.0435,0,,
2024-11-11,pb2412,3750,8552,-72,157.128,0,0.198462,19.8462
2024-11-11,pb2501,2238,2893,259,169.1385,0,0.179413,17.9413
2024-11-11,小计,5988,11445,187,326.2665,0,,
2024-11-12,pb2412,4220,8578,26,156.795,0,0.183711,18.3711
2024-11-12,pb2501,1662,3139,246,192.2075,0,0.171282,17.1282
2024-11-12,小计,5882,11717,272,349.0025,0,,
2024-11-13,pb2412,20378,10106,1528,998.1335,0,0.205369,20.5369
2024-11-13,pb2501,5621,5756,2617,468.05,0,0.172176,17.2176
2024-11-13,小计,25999,15862,4145,1466.1835,0,,
2024-11-14,pb2412,10761,10331,225,437.7195,0,0.191867,19.1867
2024-11-14,pb2501,1675,5549,-207,178.219,0,0.166467,16.6467
2024-11-14,小计,12436,15880,18,615.9385,0,,
2024-11-15,pb2412,8489,11195,864,311.8495,1,0.187305,18.7305
2024-11-15,pb2501,1524,5533,-16,237.407,0,0.166565,16.6565
2024-11-15,小计,10013,16728,848,549.2565,1,,
2024-11-18,pb2412,8248,11552,357,137.53,0,0.186697,18.6697
2024-11-18,pb2501,1430,5689,156,121.0995,0,0.167829,16.7829
2024-11-18,小计,9678,17241,513,258.6295,0,,
2024-11-19,pb2412,6912,11720,168,94.2145,0,0.194263,19.4263
2024-11-19,pb2501,967,5948,259,82.1175,0,0.155959,15.5959
2024-11-19,小计,7879,17668,427,176.332,0,,
2024-11-20,pb2412,6017,11251,-469,175.5405,1,0.167507,16.7507
2024-11-20,pb2501,1613,5907,-41,80.5285,0,0.166692,16.6692
2024-11-20,小计,7630,17158,-510,256.069,1,,
2024-11-21,pb2412,4661,10965,-286,209.513,4,0.152404,15.2404
2024-11-21,pb2501,1197,5810,-97,130.505,0,0.159863,15.9863
2024-11-21,小计,5858,16775,-383,340.018,4,,
2024-11-22,pb2412,3687,11188,223,68.3295,19,0.15371,15.371
2024-11-22,pb2501,2577,6076,266,177.2935,0,0.150379,15.0379
2024-11-22,小计,6264,17264,489,245.623,19,,
2024-11-25,pb2412,19632,0,-11188,533.1115,1108,0.218819,21.8819
2024-11-25,pb2501,7222,6863,787,570.012,0,0.172403,17.2403
2024-11-25,小计,26854,6863,-10401,1103.1235,1108,,
2024-11-26,pb2501,6234,8325,1462,600.851,0,0.151427,15.1427
2024-11-26,pb2502,502,403,403,21.8025,0,0.161182,16.1182
2024-11-26,小计,6736,8728,1865,622.6535,0,,
2024-11-27,pb2501,5563,8508,183,294.762,1,0.146058,14.6058
2024-11-27,pb2502,522,773,370,21.828,0,0.150869,15.0869
2024-11-27,小计,6085,9281,553,316.59,1,,
2024-11-28,pb2501,14659,10080,1572,931.089,3,0.14667,14.667
2024-11-28,pb2502,450,1042,269,48.198,0,0.143747,14.3747
2024-11-28,小计,15109,11122,1841,979.287,3,,
2024-11-29,pb2501,7639,9963,-117,508.392,0,0.139468,13.9468
2024-11-29,pb2502,149,1088,46,9.342,0,0.14257,14.257
2024-11-29,小计,7788,11051,-71,517.734,0,,
2024-12-02,pb2501,7991,9950,-13,402.6995,0,0.154641,15.4641
2024-12-02,pb2502,918,1178,90,56.858,0,0.154433,15.4433
2024-12-02,小计,8909,11128,77,459.5575,0,,
2024-12-03,pb2501,13078,10174,224,983.94,1,0.167343,16.7343
2024-12-03,pb2502,1916,1543,365,105.601,0,0.154105,15.4105
2024-12-03,小计,14994,11717,589,1089.541,1,,
2024-12-04,pb2501,5844,10282,108,352,0,0.164228,16.4228
2024-12-04,pb2502,1483,1885,342,338.036,0,0.148661,14.8661
2024-12-04,小计,7327,12167,450,690.036,0,,
2024-12-05,pb2501,7068,10548,266,396.4625,0,0.162814,16.2814
2024-12-05,pb2502,574,1859,-26,55.9795,0,0.158744,15.8744
2024-12-05,小计,7642,12407,240,452.442,0,,
2024-12-06,pb2501,9174,10927,379,590.9605,2,0.16687,16.687
2024-12-06,pb2502,1032,1920,61,180.4445,0,0.164177,16.4177
2024-12-06,小计,10206,12847,440,771.405,2,,
2024-12-09,pb2501,9137,11405,478,575.9625,3,0.161037,16.1037
2024-12-09,pb2502,941,2024,104,166.7915,0,0.169462,16.9462
2024-12-09,小计,10078,13429,582,742.754,3,,
2024-12-10,pb2501,5991,11792,387,277.157,0,0.163684,16.3684
2024-12-10,pb2502,315,2041,17,40.165,0,0.159992,15.9992
2024-12-10,小计,6306,13833,404,317.322,0,,
2024-12-11,pb2501,4820,11762,-30,207.457,0,0.159001,15.9001
2024-12-11,pb2502,883,2065,24,37.6735,0,0.159594,15.9594
2024-12-11,小计,5703,13827,-6,245.1305,0,,
2024-12-12,pb2501,9852,11868,106,330.717,0,0.144708,14.4708
2024-12-12,pb2502,1046,2140,75,49.914,0,0.158306,15.8306
2024-12-12,小计,10898,14008,181,380.631,0,,
2024-12-13,pb2501,6464,11231,-637,198.647,23,0.137866,13.7866
2024-12-13,pb2502,972,2260,120,67.8175,0,0.152762,15.2762
2024-12-13,小计,7436,13491,-517,266.4645,23,,
2024-12-16,pb2501,7792,11086,-145,252.927,0,0.160417,16.0417
2024-12-16,pb2502,1754,2405,145,169.653,0,0.161965,16.1965
2024-12-16,小计,9546,13491,0,422.58,0,,
2024-12-17,pb2501,11898,12327,1241,516.5795,0,0.159177,15.9177
2024-12-17,pb2502,1262,2582,177,253.9865,1,0.168563,16.8563
2024-12-17,小计,13160,14909,1418,770.566,1,,
2024-12-18,pb2501,43857,15441,3114,1637.9875,0,0.184169,18.4169
2024-12-18,pb2502,4163,3103,521,543.2545,0,0.15794,15.794
2024-12-18,小计,48020,18544,3635,2181.242,0,,
2024-12-19,pb2501,18183,16007,566,529.6215,0,0.159839,15.9839
2024-12-19,pb2502,1226,3052,-51,148.649,0,0.159401,15.9401
2024-12-19,pb2503,2,2,2,0.26,0,0.149822,14.9822
2024-12-19,小计,19411,19061,517,678.5305,0,,
2024-12-20,pb2501,17780,15466,-541,499.498,0,0.134341,13.4341
2024-12-20,pb2502,1286,3184,132,119.9525,0,0.162395,16.2395
2024-12-20,pb2503,27,27,25,1.4965,0,0.136392,13.6392
2024-12-20,小计,19093,18677,-384,620.947,0,,
2024-12-23,pb2501,17858,16182,716,327.019,9,0.173497,17.3497
2024-12-23,pb2502,1382,3380,196,70.9395,0,0.164898,16.4898
2024-12-23,pb2503,24,41,14,1.5595,0,0.144633,14.4633
2024-12-23,小计,19264,19603,926,399.518,9,,
2024-12-24,pb2501,14264,15370,-812,189.6865,0,0.148409,14.8409
2024-12-24,pb2502,1235,3553,173,111.107,0,0.15581,15.581
2024-12-24,pb2503,275,180,139,8.03,0,0.154464,15.4464
2024-12-24,小计,15774,19103,-500,308.8235,0,,
2024-12-25,pb2501,8124,0,-15370,135.203,3460,0.102772,10.2772
2024-12-25,pb2502,1657,3928,375,212.925,0,0.163407,16.3407
2024-12-25,pb2503,254,305,125,15.986,0,0.141555,14.1555
2024-12-25,小计,10035,4233,-14870,364.114,3460,,
2024-12-26,pb2502,3201,4894,966,296.504,0,0.134606,13.4606
2024-12-26,pb2503,1648,1373,1068,268.2065,0,0.128438,12.8438
2024-12-26,小计,4849,6267,2034,564.7105,0,,
2024-12-27,pb2502,15852,7297,2403,1008.624,0,0.1381,13.81
2024-12-27,pb2503,4993,3095,1722,548.6245,0,0.130847,13.0847
2024-12-27,小计,20845,10392,4125,1557.2485,0,,
2024-12-30,pb2502,7809,7475,178,516.07,0,0.141764,14.1764
2024-12-30,pb2503,1150,3241,146,93.506,0,0.139406,13.9406
2024-12-30,小计,8959,10716,324,609.576,0,,
2024-12-31,pb2502,6238,7321,-154,308.408,0,0.144578,14.4578
2024-12-31,pb2503,1371,3306,65,66.8225,0,0.137696,13.7696
2024-12-31,小计,7609,10627,-89,375.2305,0,,
2025-01-02,pb2502,2032,7296,-25,103.6655,0,0.122806,12.2806
2025-01-02,pb2503,816,3580,274,23.711,0,0.137882,13.7882
2025-01-02,小计,2848,10876,249,127.3765,0,,
2025-01-03,pb2502,8878,7582,286,378.4505,0,0.140636,14.0636
2025-01-03,pb2503,1366,3706,126,85.0495,0,0.132437,13.2437
2025-01-03,小计,10244,11288,412,463.5,0,,
2025-01-06,pb2502,5055,7379,-203,249.7915,0,0.147702,14.7702
2025-01-06,pb2503,591,3825,119,54.6625,0,0.13796,13.796
2025-01-06,小计,5646,11204,-84,304.454,0,,
2025-01-07,pb2502,3362,7759,380,186.062,0,0.160091,16.0091
2025-01-07,pb2503,1313,3686,-139,60.5775,0,0.14757,14.757
2025-01-07,小计,4675,11445,241,246.6395,0,,
2025-01-08,pb2502,3140,7597,-162,127.8415,0,0.147723,14.7723
2025-01-08,pb2503,755,3831,145,44.248,0,0.148341,14.8341
2025-01-08,小计,3895,11428,-17,172.0895,0,,
2025-01-09,pb2502,10084,7773,176,511.711,2,0.151067,15.1067
2025-01-09,pb2503,2221,4172,341,248.3005,0,0.140417,14.0417
2025-01-09,小计,12305,11945,517,760.0115,2,,
2025-01-10,pb2502,15729,8408,635,635.5335,1,0.171089,17.1089
2025-01-10,pb2503,3147,4692,520,257.7165,0,0.145771,14.5771
2025-01-10,小计,18876,13100,1155,893.25,1,,
2025-01-13,pb2502,12104,8873,465,332.099,0,0.163061,16.3061
2025-01-13,pb2503,987,4739,47,61.5965,0,0.153813,15.3813
2025-01-13,小计,13091,13612,512,393.6955,0,,
2025-01-14,pb2502,11696,10556,1683,432.4445,0,0.166327,16.6327
2025-01-14,pb2503,1455,4880,141,266.6785,0,0.14225,14.225
2025-01-14,小计,13151,15436,1824,699.123,0,,
2025-01-15,pb2502,17408,11132,576,480.636,5,0.160182,16.0182
2025-01-15,pb2503,1879,5349,469,313.4065,0,0.135689,13.5689
2025-01-15,小计,19287,16481,1045,794.0425,5,,
2025-01-16,pb2502,14184,11635,503,301.186,0,0.170591,17.0591
2025-01-16,pb2503,1517,5336,-13,162.7595,0,0.146576,14.6576
2025-01-16,小计,15701,16971,490,463.9455,0,,
2025-01-17,pb2502,16102,11818,183,305.3425,0,0.162256,16.2256
2025-01-17,pb2503,3311,6034,698,324.5275,0,0.134374,13.4374
2025-01-17,小计,19413,17852,881,629.87,0,,
2025-01-20,pb2502,19762,12755,937,291.3625,19,0.18872,18.872
2025-01-20,pb2503,2667,6213,179,229.275,0,0.142292,14.2292
2025-01-20,小计,22429,18968,1116,520.6375,19,,
2025-01-21,pb2502,12626,0,-12755,310.953,1600,0.181873,18.1873
2025-01-21,pb2503,2347,6498,285,200.4855,0,0.148347,14.8347
2025-01-21,pb2504,16,16,16,1.3955,0,0.153589,15.3589
2025-01-21,小计,14989,6514,-12454,512.834,1600,,
2025-01-22,pb2503,10498,7113,615,589.0615,0,0.141025,14.1025
2025-01-22,pb2504,553,405,389,42.477,0,0.143226,14.3226
2025-01-22,小计,11051,7518,1004,631.5385,0,,
2025-01-23,pb2503,4625,7929,816,230.466,0,0.134492,13.4492
2025-01-23,pb2504,1062,749,344,55.3785,0,0.14341,14.341
2025-01-23,小计,5687,8678,1160,285.8445,0,,
2025-01-24,pb2503,3459,7352,-577,292.557,0,0.13046,13.046
2025-01-24,pb2504,275,730,-19,22.0205,0,0.1417,14.17
2025-01-24,小计,3734,8082,-596,314.5775,0,,
2025-01-27,pb2503,3864,7861,509,199.578,36,0.131276,13.1276
2025-01-27,pb2504,489,803,73,17.252,0,0.148922,14.8922
2025-01-27,小计,4353,8664,582,216.83,36,,
2025-02-05,pb2503,4719,7905,44,333.034,0,0.138031,13.8031
2025-02-05,pb2504,988,1252,449,69.7465,0,0.15488,15.488
2025-02-05,小计,5707,9157,493,402.7805,0,,
2025-02-06,pb2503,6382,8587,682,321.288,0,0.155129,15.5129
2025-02-06,pb2504,1276,1572,320,65.385,0,0.159305,15.9305
2025-02-06,小计,7658,10159,1002,386.673,0,,
2025-02-07,pb2503,5065,9949,1362,172.1355,0,0.163064,16.3064
2025-02-07,pb2504,135,1620,48,11.013,0,0.152003,15.2003
2025-02-07,小计,5200,11569,1410,183.1485,0,,
2025-02-10,pb2503,3388,9940,-9,106.855,0,0.145147,14.5147
2025-02-10,pb2504,181,1623,3,10.1125,0,0.157793,15.7793
2025-02-10,小计,3569,11563,-6,116.9675,0,,
2025-02-11,pb2503,3841,9114,-826,109.0225,0,0.16471,16.471
2025-02-11,pb2504,130,1614,-9,2.757,0,0.15351,15.351
2025-02-11,小计,3971,10728,-835,111.7795,0,,
2025-02-12,pb2503,3955,9426,312,247.8785,0,0.136801,13.6801
2025-02-12,pb2504,2424,2541,927,193.498,0,0.133444,13.3444
2025-02-12,小计,6379,11967,1239,441.3765,0,,
2025-02-13,pb2503,4094,9495,69,106.5205,0,0.131174,13.1174
2025-02-13,pb2504,1963,3169,628,136.6225,0,0.134023,13.4023
2025-02-13,小计,6057,12664,697,243.143,0,,
2025-02-14,pb2503,4675,9553,58,127.7245,0,0.133207,13.3207
2025-02-14,pb2504,259,3170,1,34.104,0,0.11573,11.573
2025-02-14,小计,4934,12723,59,161.8285,0,,
2025-02-17,pb2503,7244,9617,64,199.4625,0,0.140023,14.0023
2025-02-17,pb2504,759,3375,205,112.0065,0,0.143217,14.3217
2025-02-17,小计,8003,12992,269,311.469,0,,
2025-02-18,pb2503,4733,9457,-160,106.667,0,0.143499,14.3499
2025-02-18,pb2504,905,3349,-26,41.6335,0,0.135884,13.5884
2025-02-18,小计,5638,12806,-186,148.3005,0,,
2025-02-19,pb2503,10260,9992,535,261.1515,0,0.130817,13.0817
2025-02-19,pb2504,1551,3721,372,76.277,0,0.125041,12.5041
2025-02-19,小计,11811,13713,907,337.4285,0,,
2025-02-20,pb2503,5836,10198,206,138.618,0,0.112653,11.2653
2025-02-20,pb2504,676,3716,-5,57.185,0,0.122232,12.2232
2025-02-20,小计,6512,13914,201,195.803,0,,
2025-02-21,pb2503,6462,10541,343,91.808,2,0.101021,10.1021
2025-02-21,pb2504,445,3755,39,30.4725,0,0.123538,12.3538
2025-02-21,pb2505,1,1,1,0.015,0,0.118294,11.8294
2025-02-21,小计,6908,14297,383,122.2955,2,,
2025-02-24,pb2503,8889,0,-10541,86.5795,2937,0.12256,12.256
2025-02-24,pb2504,889,3807,52,56.891,16,0.13511,13.511
2025-02-24,pb2505,0,1,0,0,0,0.13511,13.511
2025-02-24,小计,9778,3808,-10489,143.4705,2953,,
2025-02-25,pb2504,1474,4160,353,54.891,0,0.123225,12.3225
2025-02-25,pb2505,215,103,102,25.4345,0,0.12706,12.706
2025-02-25,小计,1689,4263,455,80.3255,0,,
2025-02-26,pb2504,2414,4746,586,82.557,0,0.128267,12.8267
2025-02-26,pb2505,2,105,2,1.003,0,0.112847,11.2847
2025-02-26,小计,2416,4851,588,83.56,0,,
2025-02-27,pb2504,2685,5051,305,92.627,1,0.122403,12.2403
2025-02-27,pb2505,13,116,11,2.4085,0,0.129817,12.9817
2025-02-27,小计,2698,5167,316,95.0355,1,,
2025-02-28,pb2504,2743,5093,42,63.8535,0,0.128801,12.8801
2025-02-28,pb2505,185,257,141,13.3485,0,0.128083,12.8083
2025-02-28,小计,2928,5350,183,77.202,0,,
2025-03-03,pb2504,4319,5232,139,145.0665,0,0.127731,12.7731
2025-03-03,pb2505,68,242,-15,3.971,0,0.122075,12.2075
2025-03-03,小计,4387,5474,124,149.0375,0,,
2025-03-04,pb2504,2262,5400,168,56.4735,0,0.1238,12.38
2025-03-04,pb2505,658,670,428,21.497,0,0.125077,12.5077
2025-03-04,小计,2920,6070,596,77.9705,0,,
2025-03-05,pb2504,13818,7348,1948,437.943,0,0.139152,13.9152
2025-03-05,pb2505,1136,1128,458,45.6285,0,0.124807,12.4807
2025-03-05,小计,14954,8476,2406,483.5715,0,,
2025-03-06,pb2504,8674,7624,276,311.4065,0,0.144128,14.4128
2025-03-06,pb2505,60,1108,-20,0.4635,0,0.138414,13.8414
2025-03-06,小计,8734,8732,256,311.87,0,,
2025-03-07,pb2504,12735,10907,3283,602.352,0,0.128721,12.8721
2025-03-07,pb2505,376,1166,58,20.2605,0,0.131576,13.1576
2025-03-07,小计,13111,12073,3341,622.6125,0,,
2025-03-10,pb2504,7716,10916,9,208.918,0,0.126977,12.6977
2025-03-10,pb2505,917,1368,202,30.415,0,0.130267,13.0267
2025-03-10,小计,8633,12284,211,239.333,0,,
2025-03-11,pb2504,8308,12365,1449,217.5125,0,0.128729,12.8729
2025-03-11,pb2505,602,1425,57,27.232,0,0.129975,12.9975
2025-03-11,小计,8910,13790,1506,244.7445,0,,
2025-03-12,pb2504,6056,12486,121,150.543,0,0.129235,12.9235
2025-03-12,pb2505,181,1430,5,12.5255,0,0.124543,12.4543
2025-03-12,小计,6237,13916,126,163.0685,0,,
2025-03-13,pb2504,7883,12895,409,145.1355,0,0.124077,12.4077
2025-03-13,pb2505,349,1457,27,14.976,0,0.124646,12.4646
2025-03-13,小计,8232,14352,436,160.1115,0,,
2025-03-14,pb2504,38529,16617,3722,894.576,0,0.188539,18.8539
2025-03-14,pb2505,4746,2742,1285,164.849,0,0.151837,15.1837
2025-03-14,小计,43275,19359,5007,1059.425,0,,
2025-03-17,pb2504,12665,16310,-307,261.3125,0,0.203078,20.3078
2025-03-17,pb2505,2080,2938,196,100.921,0,0.145281,14.5281
2025-03-17,小计,14745,19248,-111,362.2335,0,,
2025-03-18,pb2504,10320,16392,82,140.339,0,0.178766,17.8766
2025-03-18,pb2505,1337,2929,-9,58.6485,0,0.141631,14.1631
2025-03-18,小计,11657,19321,73,198.9875,0,,
2025-03-19,pb2504,16384,18200,1808,328.9105,2,0.17523,17.523
2025-03-19,pb2505,5192,4050,1121,187.302,0,0.162762,16.2762
2025-03-19,pb2506,33,33,33,1.182,0,0.155449,15.5449
2025-03-19,小计,21609,22283,2962,517.3945,2,,
2025-03-20,pb2504,14564,18631,431,257.526,0,0.145173,14.5173
2025-03-20,pb2505,2795,4147,97,163.8195,1,0.144112,14.4112
2025-03-20,pb2506,61,86,53,6.5655,0,0.122301,12.2301
2025-03-20,小计,17420,22864,581,427.911,1,,
2025-03-21,pb2504,26080,17217,-1414,591.368,1,0.139678,13.9678
2025-03-21,pb2505,4356,3947,-200,212.7185,0,0.136811,13.6811
2025-03-21,pb2506,591,467,381,11.5325,0,0.13083,13.083
2025-03-21,小计,31027,21631,-1233,815.619,1,,
2025-03-24,pb2504,34597,18086,869,686.8345,1,0.196894,19.6894
2025-03-24,pb2505,6709,4334,387,272.526,0,0.146502,14.6502
2025-03-24,pb2506,1177,614,147,36.1925,0,0.148739,14.8739
2025-03-24,小计,42483,23034,1403,995.553,1,,
2025-03-25,pb2504,16632,0,-18086,133.998,3568,0.133644,13.3644
2025-03-25,pb2505,7654,6043,1709,308.2715,0,0.134907,13.4907
2025-03-25,pb2506,849,591,-23,16.8105,0,0.132761,13.2761
2025-03-25,小计,25135,6634,-16400,459.08,3568,,
2025-03-26,pb2505,8468,8328,2285,384.3975,0,0.129104,12.9104
2025-03-26,pb2506,316,728,137,11.9605,0,0.131762,13.1762
2025-03-26,小计,8784,9056,2422,396.358,0,,
2025-03-27,pb2505,4716,8642,314,228.4215,0,0.128033,12.8033
2025-03-27,pb2506,256,789,61,14.662,0,0.115389,11.5389
2025-03-27,小计,4972,9431,375,243.0835,0,,
2025-03-28,pb2505,5877,9047,405,218.9165,0,0.124295,12.4295
2025-03-28,pb2506,734,896,107,19.7975,0,0.118027,11.8027
2025-03-28,小计,6611,9943,512,238.714,0,,
2025-03-31,pb2505,5536,9064,17,152.086,0,0.124468,12.4468
2025-03-31,pb2506,137,961,65,9.186,0,0.110451,11.0451
2025-03-31,小计,5673,10025,82,161.272,0,,
2025-04-01,pb2505,4827,8844,-220,266.277,0,0.121933,12.1933
2025-04-01,pb2506,356,963,2,25.909,0,0.117267,11.7267
2025-04-01,小计,5183,9807,-218,292.186,0,,
2025-04-02,pb2505,5772,9092,248,221.152,0,0.128048,12.8048
2025-04-02,pb2506,2065,1371,408,48.877,0,0.129538,12.9538
2025-04-02,小计,7837,10463,656,270.029,0,,
2025-04-03,pb2505,8957,9298,206,594.095,0,0.126677,12.6677
2025-04-03,pb2506,580,1400,29,23.047,0,0.125646,12.5646
2025-04-03,小计,9537,10698,235,617.142,0,,
2025-04-07,pb2505,3959,9208,-90,342.5275,7,0.157489,15.7489
2025-04-07,pb2506,307,1414,14,25.0375,0,0.143803,14.3803
2025-04-07,小计,4266,10622,-76,367.565,7,,
2025-04-08,pb2505,4753,9576,368,324.059,0,0.179815,17.9815
2025-04-08,pb2506,624,1616,202,50.4575,6,0.163875,16.3875
2025-04-08,小计,5377,11192,570,374.5165,6,,
2025-04-09,pb2505,7562,10084,508,400.4785,0,0.204881,20.4881
2025-04-09,pb2506,475,1695,79,27.314,1,0.173618,17.3618
2025-04-09,小计,8037,11779,587,427.7925,1,,
2025-04-10,pb2505,6970,9841,-243,445.666,0,0.210899,21.0899
2025-04-10,pb2506,1391,1660,-35,68.5945,0,0.16731,16.731
2025-04-10,小计,8361,11501,-278,514.2605,0,,
2025-04-11,pb2505,5460,9728,-113,164.6865,0,0.220447,22.0447
2025-04-11,pb2506,817,1770,110,37.161,0,0.182637,18.2637
2025-04-11,小计,6277,11498,-3,201.8475,0,,
2025-04-14,pb2505,7847,9897,169,227.5245,0,0.253843,25.3843
2025-04-14,pb2506,1650,1972,202,73.8075,0,0.183232,18.3232
2025-04-14,小计,9497,11869,371,301.332,0,,
2025-04-15,pb2505,2530,10104,207,107.9185,0,0.192985,19.2985
2025-04-15,pb2506,546,2129,157,33.407,0,0.161795,16.1795
2025-04-15,小计,3076,12233,364,141.3255,0,,
2025-04-16,pb2505,3040,9878,-226,53.079,2,0.214778,21.4778
2025-04-16,pb2506,336,2128,-1,14.982,0,0.184402,18.4402
2025-04-16,小计,3376,12006,-227,68.061,2,,
2025-04-17,pb2505,6177,11854,1976,74.559,0,0.328432,32.8432
2025-04-17,pb2506,166,2136,8,18.655,0,0.174305,17.4305
2025-04-17,小计,6343,13990,1984,93.214,0,,
2025-04-18,pb2505,8144,11880,26,120.2405,0,0.266854,26.6854
2025-04-18,pb2506,301,2152,16,18.0605,0,0.179755,17.9755
2025-04-18,小计,8445,14032,42,138.301,0,,
2025-04-21,pb2505,6854,11309,-571,127.0505,0,0.260597,26.0597
2025-04-21,pb2506,306,2157,5,27.8115,0,0.16993,16.993
2025-04-21,小计,7160,13466,-566,154.862,0,,
2025-04-22,pb2505,5152,11260,-49,61.716,0,0.209315,20.9315
2025-04-22,pb2506,275,2228,71,19.741,0,0.161484,16.1484
2025-04-22,pb2507,2,2,2,0.166,0,0.090324,9.0324
2025-04-22,小计,5429,13490,24,81.623,0,,
2025-04-23,pb2505,5285,11292,32,165.5245,15,0.18745,18.745
2025-04-23,pb2506,271,2300,72,13.126,0,0.191908,19.1908
2025-04-23,pb2507,1,3,1,0.04,0,0.1644,16.44
2025-04-23,小计,5557,13595,105,178.6905,15,,
2025-04-24,pb2505,4728,0,-11292,126.851,2356,0.177327,17.7327
2025-04-24,pb2506,496,2418,118,22.697,0,0.177659,17.7659
2025-04-24,pb2507,2,5,2,0.0515,0,0.197413,19.7413
2025-04-24,小计,5226,2423,-11172,149.5995,2356,,
2025-04-25,pb2506,1898,3082,664,101.64,0,0.157299,15.7299
2025-04-25,pb2507,790,305,300,30.401,0,0.16797,16.797
2025-04-25,小计,2688,3387,964,132.041,0,,
2025-04-28,pb2506,1781,3200,118,94.245,0,0.158069,15.8069
2025-04-28,pb2507,585,365,60,20.547,0,0.152159,15.2159
2025-04-28,小计,2366,3565,178,114.792,0,,
2025-04-29,pb2506,3653,4057,857,129.7545,0,0.160022,16.0022
2025-04-29,pb2507,61,399,34,5.8555,0,0.143102,14.3102
2025-04-29,小计,3714,4456,891,135.61,0,,
2025-04-30,pb2506,3936,4291,234,185.5505,0,0.173787,17.3787
2025-04-30,pb2507,1771,1677,1278,97.3265,0,0.121953,12.1953
2025-04-30,小计,5707,5968,1512,282.877,0,,
2025-05-06,pb2506,2747,4289,-2,86.474,0,0.188055,18.8055
2025-05-06,pb2507,523,1846,169,30.9635,0,0.139045,13.9045
2025-05-06,小计,3270,6135,167,117.4375,0,,
2025-05-07,pb2506,3932,4698,409,174.7165,0,0.171225,17.1225
2025-05-07,pb2507,702,2082,236,28.501,0,0.157999,15.7999
2025-05-07,小计,4634,6780,645,203.2175,0,,
2025-05-08,pb2506,3902,4700,2,164.46,0,0.157212,15.7212
2025-05-08,pb2507,1865,2288,206,96.639,0,0.168,16.8
2025-05-08,小计,5767,6988,208,261.099,0,,
2025-05-09,pb2506,2701,4884,184,181.567,0,0.169675,16.9675
2025-05-09,pb2507,571,2396,108,34.9245,0,0.173962,17.3962
2025-05-09,小计,3272,7280,292,216.4915,0,,
2025-05-12,pb2506,5908,4895,11,319.3385,0,0.168552,16.8552
2025-05-12,pb2507,1721,2557,161,148.4265,0,0.158021,15.8021
2025-05-12,小计,7629,7452,172,467.765,0,,
2025-05-13,pb2506,1983,5055,160,92.312,0,0.156001,15.6001
2025-05-13,pb2507,573,2576,19,15.271,0,0.170805,17.0805
2025-05-13,小计,2556,7631,179,107.583,0,,
2025-05-14,pb2506,6548,5710,655,139.7845,0,0.156374,15.6374
2025-05-14,pb2507,611,2620,44,16.9695,0,0.173644,17.3644
2025-05-14,小计,7159,8330,699,156.754,0,,
2025-05-15,pb2506,4602,5688,-22,182.1485,0,0.15799,15.799
2025-05-15,pb2507,496,2615,-5,24.9925,0,0.157194,15.7194
2025-05-15,小计,5098,8303,-27,207.141,0,,
2025-05-16,pb2506,4007,5970,282,197.6705,0,0.164866,16.4866
2025-05-16,pb2507,2385,3578,963,69.0805,0,0.169213,16.9213
2025-05-16,小计,6392,9548,1245,266.751,0,,
2025-05-19,pb2506,3949,6311,341,122.459,0,0.188477,18.8477
2025-05-19,pb2507,722,3593,15,33.6045,0,0.161668,16.1668
2025-05-19,小计,4671,9904,356,156.0635,0,,
2025-05-20,pb2506,4895,6856,545,72.0425,0,0.200793,20.0793
2025-05-20,pb2507,1279,3683,90,40.0025,0,0.168955,16.8955
2025-05-20,小计,6174,10539,635,112.045,0,,
2025-05-21,pb2506,2995,6518,-338,43.4745,0,0.167046,16.7046
2025-05-21,pb2507,781,3915,232,31.733,0,0.142653,14.2653
2025-05-21,小计,3776,10433,-106,75.2075,0,,
2025-05-22,pb2506,8813,7084,566,149.4895,1,0.176778,17.6778
2025-05-22,pb2507,2827,4299,384,73.892,0,0.174734,17.4734
2025-05-22,小计,11640,11383,950,223.3815,1,,
2025-05-23,pb2506,13552,7955,871,222.445,10,0.148268,14.8268
2025-05-23,pb2507,4156,4382,83,104.773,0,0.175663,17.5663
2025-05-23,pb2508,565,267,267,29.502,0,0.15061,15.061
2025-05-23,小计,18273,12604,1221,356.72,10,,
2025-05-26,pb2506,6760,0,-7955,60.9835,804,0.204675,20.4675
2025-05-26,pb2507,4712,4261,-121,109.27,0,0.189337,18.9337
2025-05-26,pb2508,203,312,45,32.5375,0,0.141232,14.1232
2025-05-26,小计,11675,4573,-8031,202.791,804,,
2025-05-27,pb2507,10924,5558,1297,278.8165,0,0.163935,16.3935
2025-05-27,pb2508,1616,1116,804,64.8695,0,0.138298,13.8298
2025-05-27,小计,12540,6674,2101,343.686,0,,
2025-05-28,pb2507,6743,6194,636,168.1565,0,0.155793,15.5793
2025-05-28,pb2508,4277,1880,764,205.62,0,0.142658,14.2658
2025-05-28,小计,11020,8074,1400,373.7765,0,,
2025-05-29,pb2507,7265,6455,261,239.3075,0,0.147907,14.7907
2025-05-29,pb2508,1157,1680,-200,46.7,0,0.145738,14.5738
2025-05-29,小计,8422,8135,61,286.0075,0,,
2025-05-30,pb2507,9975,8048,1593,345.4745,0,0.158669,15.8669
2025-05-30,pb2508,852,1701,21,30.004,0,0.14781,14.781
2025-05-30,小计,10827,9749,1614,375.4785,0,,
2025-06-03,pb2507,4762,8376,328,137.6055,0,0.164609,16.4609
2025-06-03,pb2508,1088,1756,55,25.2585,0,0.155632,15.5632
2025-06-03,小计,5850,10132,383,162.864,0,,
2025-06-04,pb2507,7797,7983,-393,290.077,0,0.162322,16.2322
2025-06-04,pb2508,5006,2071,315,188.3805,0,0.152366,15.2366
2025-06-04,小计,12803,10054,-78,478.4575,0,,
2025-06-05,pb2507,7833,8763,780,303.8335,0,0.164466,16.4466
2025-06-05,pb2508,1747,2131,60,83.9635,0,0.155126,15.5126
2025-06-05,小计,9580,10894,840,387.797,0,,
2025-06-06,pb2507,5520,9859,1096,155.82,0,0.155998,15.5998
2025-06-06,pb2508,1048,2318,187,49.7315,0,0.144833,14.4833
2025-06-06,小计,6568,12177,1283,205.5515,0,,
2025-06-09,pb2507,4979,9804,-55,197.8025,0,0.168892,16.8892
2025-06-09,pb2508,310,2412,94,19.6695,0,0.146726,14.6726
2025-06-09,小计,5289,12216,39,217.472,0,,
2025-06-10,pb2507,7512,10311,507,282.0815,0,0.144893,14.4893
2025-06-10,pb2508,749,2628,216,36.4355,0,0.135724,13.5724
2025-06-10,小计,8261,12939,723,318.517,0,,
2025-06-11,pb2507,3654,10598,287,130.042,0,0.147864,14.7864
2025-06-11,pb2508,265,2559,-69,15.0645,0,0.132869,13.2869
2025-06-11,小计,3919,13157,218,145.1065,0,,
2025-06-12,pb2507,7027,11004,406,181.797,0,0.162607,16.2607
2025-06-12,pb2508,833,2760,201,27.877,0,0.14543,14.543
2025-06-12,小计,7860,13764,607,209.674,0,,
2025-06-13,pb2507,6543,10926,-78,181.271,0,0.157866,15.7866
2025-06-13,pb2508,973,2789,29,33.2465,0,0.141949,14.1949
2025-06-13,小计,7516,13715,-49,214.5175,0,,
2025-06-16,pb2507,6245,10249,-677,167.1525,0,0.168483,16.8483
2025-06-16,pb2508,1448,3116,327,43.721,0,0.148691,14.8691
2025-06-16,小计,7693,13365,-350,210.8735,0,,
2025-06-17,pb2507,3839,9909,-340,57.3925,0,0.181188,18.1188
2025-06-17,pb2508,1007,3004,-112,28.6735,0,0.152053,15.2053
2025-06-17,小计,4846,12913,-452,86.066,0,,
2025-06-18,pb2507,5536,10101,192,105.9665,0,0.164764,16.4764
2025-06-18,pb2508,3420,3796,792,129.3945,0,0.136589,13.6589
2025-06-18,小计,8956,13897,984,235.361,0,,
2025-06-19,pb2507,13557,11211,1110,254.7185,0,0.162232,16.2232
2025-06-19,pb2508,1606,4225,429,83.741,0,0.13476,13.476
2025-06-19,小计,15163,15436,1539,338.4595,0,,
2025-06-20,pb2507,10574,12043,832,170.5735,0,0.151729,15.1729
2025-06-20,pb2508,1607,4222,-3,60.3165,0,0.146874,14.6874
2025-06-20,小计,12181,16265,829,230.89,0,,
2025-06-23,pb2507,9975,11725,-318,88.046,7,0.196034,19.6034
2025-06-23,pb2508,1599,4571,349,69.1895,0,0.13922,13.922
2025-06-23,pb2509,0,0,0,0,0,0.13922,13.922
2025-06-23,小计,11574,16296,31,157.2355,7,,
2025-06-24,pb2507,8986,0,-11725,67.127,641,0.12467,12.467
2025-06-24,pb2508,1359,4780,209,72.621,0,0.12792,12.792
2025-06-24,pb2509,5,3,3,0.0575,0,0.153524,15.3524
2025-06-24,小计,10350,4783,-11513,139.8055,641,,
2025-06-25,pb2508,14655,7087,2307,713.418,0,0.132806,13.2806
2025-06-25,pb2509,150,138,135,3.876,0,0.150773,15.0773
2025-06-25,小计,14805,7225,2442,717.294,0,,
2025-06-26,pb2508,7567,7584,497,461.484,0,0.129348,12.9348
2025-06-26,pb2509,470,330,192,14.8675,0,0.134862,13.4862
2025-06-26,小计,8037,7914,689,476.3515,0,,
2025-06-27,pb2508,8194,7470,-114,392.313,0,0.140051,14.0051
2025-06-27,pb2509,1606,749,419,109.6455,0,0.125921,12.5921
2025-06-27,小计,9800,8219,305,501.9585,0,,
2025-06-30,pb2508,2971,7497,27,132.935,0,0.146637,14.6637
2025-06-30,pb2509,579,917,168,22.731,0,0.128029,12.8029
2025-06-30,小计,3550,8414,195,155.666,0,,
2025-07-01,pb2508,4147,7676,179,199.83,0,0.135831,13.5831
2025-07-01,pb2509,1589,1579,662,70.0445,0,0.124949,12.4949
2025-07-01,小计,5736,9255,841,269.8745,0,,
2025-07-02,pb2508,4623,7641,-35,243.29,0,0.135044,13.5044
2025-07-02,pb2509,790,1727,148,38.77,0,0.123863,12.3863
2025-07-02,小计,5413,9368,113,282.06,0,,
2025-07-03,pb2508,6430,7947,306,401.7725,0,0.135477,13.5477
2025-07-03,pb2509,1175,1581,-146,48.278,0,0.133383,13.3383
2025-07-03,小计,7605,9528,160,450.0505,0,,
2025-07-04,pb2508,3119,8098,151,128.76,0,0.135577,13.5577
2025-07-04,pb2509,164,1603,22,9.172,0,0.131227,13.1227
2025-07-04,小计,3283,9701,173,137.932,0,,
2025-07-07,pb2508,3811,7920,-178,144.7555,0,0.138721,13.8721
2025-07-07,pb2509,769,1538,-65,28.9615,0,0.132346,13.2346
2025-07-07,小计,4580,9458,-243,173.717,0,,
2025-07-08,pb2508,3650,7861,-59,172.5395,0,0.134396,13.4396
2025-07-08,pb2509,679,1780,242,54.7885,0,0.123233,12.3233
2025-07-08,小计,4329,9641,183,227.328,0,,
2025-07-09,pb2508,3556,7770,-91,156.9385,0,0.122568,12.2568
2025-07-09,pb2509,1110,1894,114,32.6965,0,0.134446,13.4446
2025-07-09,小计,4666,9664,23,189.635,0,,
2025-07-10,pb2508,3937,8211,441,104.079,0,0.140356,14.0356
2025-07-10,pb2509,1741,2003,109,51.161,0,0.136363,13.6363
2025-07-10,小计,5678,10214,550,155.24,0,,
2025-07-11,pb2508,8026,8294,83,420.719,0,0.133417,13.3417
2025-07-11,pb2509,1299,2022,19,110.3715,0,0.131082,13.1082
2025-07-11,小计,9325,10316,102,531.0905,0,,
2025-07-14,pb2508,6251,8647,353,222.989,0,0.162219,16.2219
2025-07-14,pb2509,1173,2147,125,52.396,0,0.133812,13.3812
2025-07-14,小计,7424,10794,478,275.385,0,,
2025-07-15,pb2508,4901,8944,297,261.6465,0,0.158833,15.8833
2025-07-15,pb2509,1214,2446,299,101.352,0,0.132294,13.2294
2025-07-15,小计,6115,11390,596,362.9985,0,,
2025-07-16,pb2508,6619,8295,-649,301.685,0,0.165841,16.5841
2025-07-16,pb2509,1261,2709,263,60.8685,0,0.130719,13.0719
2025-07-16,小计,7880,11004,-386,362.5535,0,,
2025-07-17,pb2508,5809,9238,943,199.5935,0,0.139991,13.9991
2025-07-17,pb2509,618,2863,154,29.836,0,0.116047,11.6047
2025-07-17,小计,6427,12101,1097,229.4295,0,,
2025-07-18,pb2508,9764,10590,1352,285.005,0,0.146846,14.6846
2025-07-18,pb2509,1224,3050,187,52.629,0,0.126,12.6
2025-07-18,小计,10988,13640,1539,337.634,0,,
2025-07-21,pb2508,19141,10944,354,558.798,0,0.203597,20.3597
2025-07-21,pb2509,3232,3924,874,196.1535,0,0.149064,14.9064
2025-07-21,小计,22373,14868,1228,754.9515,0,,
2025-07-22,pb2508,15185,12263,1319,395.39,0,0.219845,21.9845
2025-07-22,pb2509,2967,4675,751,259.5225,0,0.152444,15.2444
2025-07-22,小计,18152,16938,2070,654.9125,0,,
2025-07-23,pb2508,17515,12054,-209,538.6875,46,0.19979,19.979
2025-07-23,pb2509,3713,5606,931,267.5775,0,0.165698,16.5698
2025-07-23,小计,21228,17660,722,806.265,46,,
2025-07-24,pb2508,13745,11205,-849,232.6305,10,0.186836,18.6836
2025-07-24,pb2509,3595,5928,322,246.734,0,0.171138,17.1138
2025-07-24,pb2510,2,1,1,0.6875,0,0.420915,42.0915
2025-07-24,小计,17342,17134,-526,480.052,10,,
2025-07-25,pb2508,9884,0,-11205,114.1585,1229,0.159706,15.9706
2025-07-25,pb2509,6255,6713,785,462.966,0,0.165778,16.5778
2025-07-25,pb2510,2,3,2,0.385,0,0.137929,13.7929
2025-07-25,小计,16141,6716,-10418,577.5095,1229,,
2025-07-28,pb2509,18449,10803,4090,1488.606,0,0.218138,21.8138
2025-07-28,pb2510,6,9,6,0.306,0,0.174172,17.4172
2025-07-28,小计,18455,10812,4096,1488.912,0,,
2025-07-29,pb2509,6228,11189,386,382.63,0,0.19584,19.584
2025-07-29,pb2510,0,9,0,0,0,0.19584,19.584
2025-07-29,小计,6228,11198,386,382.63,0,,
2025-07-30,pb2509,6711,10737,-452,333.421,0,0.173186,17.3186
2025-07-30,pb2510,85,88,79,3.087,0,0.143914,14.3914
2025-07-30,小计,6796,10825,-373,336.508,0,,
2025-07-31,pb2509,8286,10494,-243,378.76,0,0.149952,14.9952
2025-07-31,pb2510,442,429,341,34.4755,0,0.137483,13.7483
2025-07-31,小计,8728,10923,98,413.2355,0,,
2025-08-01,pb2509,5894,10801,307,318.8665,0,0.143891,14.3891
2025-08-01,pb2510,158,478,49,7.239,0,0.125387,12.5387
2025-08-01,小计,6052,11279,356,326.1055,0,,
2025-08-04,pb2509,8561,11256,455,484.041,0,0.143652,14.3652
2025-08-04,pb2510,384,650,172,4.891,0,0.146392,14.6392
2025-08-04,小计,8945,11906,627,488.932,0,,
2025-08-05,pb2509,5803,11292,36,347.09,0,0.141548,14.1548
2025-08-05,pb2510,665,984,334,17.367,0,0.141094,14.1094
2025-08-05,小计,6468,12276,370,364.457,0,,
2025-08-06,pb2509,7225,11111,-181,322.589,0,0.129288,12.9288
2025-08-06,pb2510,682,1277,293,17.646,0,0.146592,14.6592
2025-08-06,小计,7907,12388,112,340.235,0,,
2025-08-07,pb2509,4199,11321,210,173.63,0,0.128556,12.8556
2025-08-07,pb2510,1327,1482,205,58.4875,0,0.139718,13.9718
2025-08-07,小计,5526,12803,415,232.1175,0,,
2025-08-08,pb2509,6686,10102,-1219,235.453,8,0.138858,13.8858
2025-08-08,pb2510,331,1608,126,18.467,0,0.149107,14.9107
2025-08-08,小计,7017,11710,-1093,253.92,8,,
2025-08-11,pb2509,5550,10720,618,293.353,0,0.139507,13.9507
2025-08-11,pb2510,530,1842,234,29.2875,0,0.148955,14.8955
2025-08-11,小计,6080,12562,852,322.6405,0,,
2025-08-12,pb2509,4841,11100,380,130.7145,52,0.158647,15.8647
2025-08-12,pb2510,4515,1953,111,114.7525,0,0.146501,14.6501
2025-08-12,小计,9356,13053,491,245.467,52,,
2025-08-13,pb2509,5718,12077,977,171.3905,0,0.160072,16.0072
2025-08-13,pb2510,715,2126,173,22.0445,0,0.163231,16.3231
2025-08-13,小计,6433,14203,1150,193.435,0,,
2025-08-14,pb2509,8203,12546,469,241.1145,0,0.132773,13.2773
2025-08-14,pb2510,1756,2395,269,59.901,0,0.156717,15.6717
2025-08-14,小计,9959,14941,738,301.0155,0,,
2025-08-15,pb2509,8265,11888,-658,165.547,0,0.145545,14.5545
2025-08-15,pb2510,4808,2698,303,158.715,0,0.153687,15.3687
2025-08-15,小计,13073,14586,-355,324.262,0,,
2025-08-18,pb2509,6236,11855,-33,126.2365,0,0.162705,16.2705
2025-08-18,pb2510,571,2823,125,35.679,0,0.164748,16.4748
2025-08-18,小计,6807,14678,92,161.9155,0,,
2025-08-19,pb2509,6855,12204,349,113.4285,46,0.142337,14.2337
2025-08-19,pb2510,435,2889,66,29.4535,0,0.143239,14.3239
2025-08-19,小计,7290,15093,415,142.882,46,,
2025-08-20,pb2509,14017,12394,190,323.4715,0,0.135401,13.5401
2025-08-20,pb2510,814,3013,124,61.229,0,0.128894,12.8894
2025-08-20,小计,14831,15407,314,384.7005,0,,
2025-08-21,pb2509,10443,13112,718,186.696,3,0.110792,11.0792
2025-08-21,pb2510,531,3158,145,38.388,0,0.117685,11.7685
2025-08-21,小计,10974,16270,863,225.084,3,,
2025-08-22,pb2509,8236,12460,-652,78.4525,13,0.098334,9.8334
2025-08-22,pb2510,505,3250,92,34.4765,0,0.122899,12.2899
2025-08-22,小计,8741,15710,-560,112.929,13,,
2025-08-25,pb2509,10892,0,-12460,159.686,1258,0.144814,14.4814
2025-08-25,pb2510,814,3414,164,39.1765,0,0.137723,13.7723
2025-08-25,小计,11706,3414,-12296,198.8625,1258,,
2025-08-26,pb2510,4317,4693,1279,220.899,0,0.13995,13.995
2025-08-26,pb2511,296,232,232,4.7925,0,0.138844,13.8844
2025-08-26,小计,4613,4925,1511,225.6915,0,,
2025-08-27,pb2510,2647,4850,157,181.147,0,0.129298,12.9298
2025-08-27,pb2511,1849,568,336,72.7705,0,0.12974,12.974
2025-08-27,小计,4496,5418,493,253.9175,0,,
2025-08-28,pb2510,2326,4849,-1,90.2125,0,0.136241,13.6241
2025-08-28,pb2511,3347,1596,1028,144.8965,0,0.117553,11.7553
2025-08-28,小计,5673,6445,1027,235.109,0,,
2025-08-29,pb2510,2014,4909,60,116.996,0,0.113027,11.3027
2025-08-29,pb2511,606,1843,247,38.788,0,0.116742,11.6742
2025-08-29,小计,2620,6752,307,155.784,0,,
2025-09-01,pb2510,2593,5153,244,120.1885,0,0.114311,11.4311
2025-09-01,pb2511,568,1751,-92,19.434,0,0.126325,12.6325
2025-09-01,小计,3161,6904,152,139.6225,0,,
2025-09-02,pb2510,4033,5470,317,179.967,0,0.135107,13.5107
2025-09-02,pb2511,507,1765,14,37.6595,0,0.114129,11.4129
2025-09-02,小计,4540,7235,331,217.6265,0,,
2025-09-03,pb2510,2013,5572,102,77.7775,0,0.13212,13.212
2025-09-03,pb2511,689,1840,75,39.0185,0,0.123687,12.3687
2025-09-03,小计,2702,7412,177,116.796,0,,
2025-09-04,pb2510,4776,6160,588,147.4565,0,0.134673,13.4673
2025-09-04,pb2511,1259,1979,139,37.379,0,0.127668,12.7668
2025-09-04,小计,6035,8139,727,184.8355,0,,
2025-09-05,pb2510,2740,6486,326,104.8165,0,0.124839,12.4839
2025-09-05,pb2511,622,1995,16,37.416,0,0.124654,12.4654
2025-09-05,小计,3362,8481,342,142.2325,0,,
2025-09-08,pb2510,5936,6753,267,206.631,0,0.121614,12.1614
2025-09-08,pb2511,5703,2314,319,186.6525,0,0.131008,13.1008
2025-09-08,小计,11639,9067,586,393.2835,0,,
2025-09-09,pb2510,3280,7294,541,99.9235,0,0.115006,11.5006
2025-09-09,pb2511,1307,2684,370,64.292,0,0.116735,11.6735
2025-09-09,小计,4587,9978,911,164.2155,0,,
2025-09-10,pb2510,5500,7235,-59,123.8415,0,0.09622,9.622
2025-09-10,pb2511,1540,2972,288,73.931,0,0.112073,11.2073
2025-09-10,小计,7040,10207,229,197.7725,0,,
2025-09-11,pb2510,4986,7192,-43,132.573,0,0.096088,9.6088
2025-09-11,pb2511,1009,3223,251,50.7165,0,0.109534,10.9534
2025-09-11,小计,5995,10415,208,183.2895,0,,
2025-09-12,pb2510,14484,8184,992,462.9495,0,0.12082,12.082
2025-09-12,pb2511,4453,3936,713,249.061,0,0.122157,12.2157
2025-09-12,小计,18937,12120,1705,712.0105,0,,
2025-09-15,pb2510,13189,8816,632,441.0335,0,0.163868,16.3868
2025-09-15,pb2511,4405,3754,-182,226.695,0,0.135931,13.5931
2025-09-15,小计,17594,12570,450,667.7285,0,,
2025-09-16,pb2510,8286,8787,-29,246.1735,0,0.128158,12.8158
2025-09-16,pb2511,1950,3990,236,119.155,0,0.128885,12.8885
2025-09-16,小计,10236,12777,207,365.3285,0,,
2025-09-17,pb2510,9010,9722,935,290.606,0,0.123999,12.3999
2025-09-17,pb2511,3006,4060,70,153.079,0,0.13076,13.076
2025-09-17,小计,12016,13782,1005,443.685,0,,
2025-09-18,pb2510,12152,10346,624,354.6375,0,0.125261,12.5261
2025-09-18,pb2511,6674,4304,244,247.4125,0,0.13359,13.359
2025-09-18,小计,18826,14650,868,602.05,0,,
2025-09-19,pb2510,10222,10405,59,243.4175,0,0.121294,12.1294
2025-09-19,pb2511,4353,4644,340,189.959,0,0.136269,13.6269
2025-09-19,小计,14575,15049,399,433.3765,0,,
2025-09-22,pb2510,9725,10217,-188,126.89,24,0.13548,13.548
2025-09-22,pb2511,6573,5080,436,154.3535,0,0.141655,14.1655
2025-09-22,小计,16298,15297,248,281.2435,24,,
2025-09-23,pb2510,7598,9682,-535,96.154,0,0.122158,12.2158
2025-09-23,pb2511,2136,5173,93,96.653,0,0.12349,12.349
2025-09-23,pb2512,0,0,0,0,0,0.12349,12.349
2025-09-23,小计,9734,14855,-442,192.807,0,,
2025-09-24,pb2510,4184,0,-9682,62.327,1480,0.101194,10.1194
2025-09-24,pb2511,9595,5879,706,234.003,0,0.135973,13.5973
2025-09-24,pb2512,336,320,320,19.2705,0,0.129664,12.9664
2025-09-24,小计,14115,6199,-8656,315.6005,1480,,
2025-09-25,pb2511,16237,7577,1698,426.4115,0,0.136667,13.6667
2025-09-25,pb2512,767,491,171,22.8,0,0.136286,13.6286
2025-09-25,小计,17004,8068,1869,449.2115,0,,
2025-09-26,pb2511,21758,8910,1333,401.2045,0,0.144168,14.4168
2025-09-26,pb2512,2442,828,337,75.8175,0,0.136779,13.6779
2025-09-26,小计,24200,9738,1670,477.022,0,,
2025-09-29,pb2511,19063,8859,-51,733.8805,0,0.145218,14.5218
2025-09-29,pb2512,36,834,6,1.028,0,0.142711,14.2711
2025-09-29,小计,19099,9693,-45,734.9085,0,,
2025-09-30,pb2511,4884,9010,151,216.403,5,0.138002,13.8002
2025-09-30,pb2512,542,1199,365,12.8965,0,0.163097,16.3097
2025-09-30,小计,5426,10209,516,229.2995,5,,
2025-10-09,pb2511,7866,8992,-18,315.9635,0,0.154509,15.4509
2025-10-09,pb2512,769,1390,191,27.661,1,0.165042,16.5042
2025-10-09,小计,8635,10382,173,343.6245,1,,
2025-10-10,pb2511,14322,9495,503,189.232,0,0.163785,16.3785
2025-10-10,pb2512,177,1515,125,3.2905,0,0.150105,15.0105
2025-10-10,小计,14499,11010,628,192.5225,0,,
2025-10-13,pb2511,17977,9394,-101,528.2635,0,0.157974,15.7974
2025-10-13,pb2512,2685,2146,631,62.349,0,0.166043,16.6043
2025-10-13,小计,20662,11540,530,590.6125,0,,
2025-10-14,pb2511,3845,9053,-341,128.073,0,0.130183,13.0183
2025-10-14,pb2512,2209,2045,-101,33.325,0,0.16165,16.165
2025-10-14,小计,6054,11098,-442,161.398,0,,
2025-10-15,pb2511,3984,9342,289,127.0715,0,0.122889,12.2889
2025-10-15,pb2512,2108,2419,374,53.4595,0,0.14674,14.674
2025-10-15,小计,6092,11761,663,180.531,0,,
2025-10-16,pb2511,2964,9728,386,69.2515,0,0.14931,14.931
2025-10-16,pb2512,2019,2623,204,36.934,0,0.151082,15.1082
2025-10-16,小计,4983,12351,590,106.1855,0,,
2025-10-17,pb2511,3003,9928,200,130.3685,0,0.125525,12.5525
2025-10-17,pb2512,399,2549,-74,5.888,0,0.154744,15.4744
2025-10-17,小计,3402,12477,126,136.2565,0,,
2025-10-20,pb2511,1939,9828,-100,32.354,10,0.127154,12.7154
2025-10-20,pb2512,281,2604,55,6.5865,0,0.148484,14.8484
2025-10-20,小计,2220,12432,-45,38.9405,10,,
2025-10-21,pb2511,6086,9842,14,141.008,0,0.122589,12.2589
2025-10-21,pb2512,4151,3559,955,99.4425,0,0.147935,14.7935
2025-10-21,小计,10237,13401,969,240.4505,0,,
2025-10-22,pb2511,2888,9835,-7,34.102,3,0.120572,12.0572
2025-10-22,pb2512,1456,3868,309,53.036,0,0.136886,13.6886
2025-10-22,小计,4344,13703,302,87.138,3,,
2025-10-23,pb2511,78817,16663,6828,3328.8285,0,0.210716,21.0716
2025-10-23,pb2512,10162,6171,2303,781.767,0,0.161086,16.1086
2025-10-23,pb2601,143,80,80,14.4805,0,0.152722,15.2722
2025-10-23,小计,89122,22914,9211,4125.076,0,,
2025-10-24,pb2511,39310,15874,-789,1390.0005,0,0.169214,16.9214
2025-10-24,pb2512,5017,6787,616,389.609,0,0.153585,15.3585
2025-10-24,pb2601,50,115,35,5.512,0,0.140914,14.0914
2025-10-24,小计,44377,22776,-138,1785.1215,0,,
2025-10-27,pb2511,26474,0,-15874,511.9565,2531,0.178864,17.8864
2025-10-27,pb2512,4213,7246,459,214.377,0,0.161326,16.1326
2025-10-27,pb2601,102,187,72,7.4055,0,0.148076,14.8076
2025-10-27,小计,30789,7433,-15343,733.739,2531,,
2025-10-28,pb2512,4790,7539,293,240.2935,0,0.155465,15.5465
2025-10-28,pb2601,53,234,47,4.5595,0,0.148369,14.8369
2025-10-28,小计,4843,7773,340,244.853,0,,
2025-10-29,pb2512,6187,8602,1063,318.0235,0,0.147922,14.7922
2025-10-29,pb2601,494,489,255,12.239,0,0.141342,14.1342
2025-10-29,小计,6681,9091,1318,330.2625,0,,
2025-10-30,pb2512,10418,9821,1219,394.3425,0,0.144984,14.4984
2025-10-30,pb2601,171,527,38,4.408,0,0.164883,16.4883
2025-10-30,小计,10589,10348,1257,398.7505,0,,
2025-10-31,pb2512,9520,10865,1044,440.924,0,0.157043,15.7043
2025-10-31,pb2601,69,534,7,1.746,0,0.151932,15.1932
2025-10-31,小计,9589,11399,1051,442.67,0,,
2025-11-03,pb2512,8275,11451,586,310.335,0,0.158248,15.8248
2025-11-03,pb2601,959,849,315,27.5965,0,0.163876,16.3876
2025-11-03,小计,9234,12300,901,337.9315,0,,
2025-11-04,pb2512,5413,11672,221,218.73,0,0.152119,15.2119
2025-11-04,pb2601,632,890,41,33.658,0,0.147238,14.7238
2025-11-04,小计,6045,12562,262,252.388,0,,
2025-11-05,pb2512,17733,12084,412,728.6075,0,0.156786,15.6786
2025-11-05,pb2601,2821,1665,775,145.938,0,0.153481,15.3481
2025-11-05,小计,20554,13749,1187,874.5455,0,,
2025-11-06,pb2512,11212,11972,-112,372.7785,0,0.150109,15.0109
2025-11-06,pb2601,7159,2183,518,230.175,0,0.134918,13.4918
2025-11-06,小计,18371,14155,406,602.9535,0,,
2025-11-07,pb2512,10375,12270,298,225.001,0,0.1498,14.98
2025-11-07,pb2601,5409,3051,868,105.7285,0,0.147971,14.7971
2025-11-07,小计,15784,15321,1166,330.7295,0,,
2025-11-10,pb2512,7242,12642,372,193.238,0,0.149403,14.9403
2025-11-10,pb2601,251,3009,-42,11.8935,0,0.152485,15.2485
2025-11-10,小计,7493,15651,330,205.1315,0,,
2025-11-11,pb2512,7727,12561,-81,179.821,0,0.140072,14.0072
2025-11-11,pb2601,528,3076,67,17.795,0,0.150046,15.0046
2025-11-11,小计,8255,15637,-14,197.616,0,,
2025-11-12,pb2512,22255,13939,1378,1012.6945,0,0.153161,15.3161
2025-11-12,pb2601,2793,3874,798,272.221,0,0.148373,14.8373
2025-11-12,小计,25048,17813,2176,1284.9155,0,,
2025-11-13,pb2512,20463,15150,1211,750.0025,0,0.14942,14.942
2025-11-13,pb2601,2682,4270,396,281.1745,0,0.13867,13.867
2025-11-13,小计,23145,19420,1607,1031.177,0,,
2025-11-14,pb2512,10262,15696,546,286.8155,0,0.148457,14.8457
2025-11-14,pb2601,548,4277,7,39.8995,0,0.152059,15.2059
2025-11-14,小计,10810,19973,553,326.715,0,,
2025-11-17,pb2512,14233,14501,-1195,729.5395,1,0.158567,15.8567
2025-11-17,pb2601,1824,4114,-163,294.5545,0,0.145338,14.5338
2025-11-17,小计,16057,18615,-1358,1024.094,1,,
2025-11-18,pb2512,8858,13029,-1472,150.49,0,0.149658,14.9658
2025-11-18,pb2601,1324,4435,321,93.4035,0,0.123875,12.3875
2025-11-18,pb2602,11,11,11,0.45,0,0.147463,14.7463
2025-11-18,小计,10193,17475,-1140,244.3435,0,,
2025-11-19,pb2512,6862,13826,797,160.0055,0,0.125584,12.5584
2025-11-19,pb2601,907,4466,31,54.9245,0,0.130503,13.0503
2025-11-19,pb2602,1,12,1,0.122,0,0.117104,11.7104
2025-11-19,小计,7770,18304,829,215.052,0,,
2025-11-20,pb2512,8032,14040,214,192.88,0,0.118334,11.8334
2025-11-20,pb2601,452,4465,-1,40.761,0,0.126781,12.6781
2025-11-20,pb2602,48,53,41,0.786,0,0.122339,12.2339
2025-11-20,小计,8532,18558,254,234.427,0,,
2025-11-21,pb2512,7965,13150,-890,90.835,2,0.124704,12.4704
2025-11-21,pb2601,446,4524,59,19.8115,0,0.147619,14.7619
2025-11-21,pb2602,58,100,47,0.7755,0,0.123012,12.3012
2025-11-21,小计,8469,17774,-784,111.422,2,,
2025-11-24,pb2512,5306,0,-13150,100.5875,1910,0.187831,18.7831
2025-11-24,pb2601,1130,4710,186,48.738,0,0.1303,13.03
2025-11-24,pb2602,80,164,64,0.638,0,0.130502,13.0502
2025-11-24,小计,6516,4874,-12900,149.9635,1910,,
2025-11-25,pb2601,2083,5240,530,85.462,0,0.126083,12.6083
2025-11-25,pb2602,431,405,241,38.3555,0,0.115147,11.5147
2025-11-25,小计,2514,5645,771,123.8175,0,,
2025-11-26,pb2601,1560,5224,-16,85.3585,0,0.117392,11.7392
2025-11-26,pb2602,271,528,123,19.19,0,0.112411,11.2411
2025-11-26,小计,1831,5752,107,104.5485,0,,
2025-11-27,pb2601,5477,6163,939,247.081,0,0.132643,13.2643
2025-11-27,pb2602,550,833,305,56.783,0,0.110749,11.0749
2025-11-27,小计,6027,6996,1244,303.864,0,,
2025-11-28,pb2601,5126,5763,-400,351.5685,0,0.14301,14.301
2025-11-28,pb2602,261,878,45,7.325,0,0.128278,12.8278
2025-11-28,小计,5387,6641,-355,358.8935,0,,
2025-12-01,pb2601,3598,6341,578,173.1075,0,0.137752,13.7752
2025-12-01,pb2602,239,897,19,62.7295,0,0.128046,12.8046
2025-12-01,小计,3837,7238,597,235.837,0,,
2025-12-02,pb2601,5823,6396,55,426.975,0,0.14302,14.302
2025-12-02,pb2602,703,1224,327,44.5705,0,0.131108,13.1108
2025-12-02,小计,6526,7620,382,471.5455,0,,
2025-12-03,pb2601,1788,6428,32,58.1115,0,0.144037,14.4037
2025-12-03,pb2602,516,1373,149,33.5655,0,0.133121,13.3121
2025-12-03,小计,2304,7801,181,91.677,0,,
2025-12-04,pb2601,4719,6747,319,225.917,0,0.134639,13.4639
2025-12-04,pb2602,540,1536,163,28.1985,0,0.136527,13.6527
2025-12-04,小计,5259,8283,482,254.1155,0,,
2025-12-05,pb2601,13076,8853,2106,655.266,0,0.165636,16.5636
2025-12-05,pb2602,950,1869,333,23.13,0,0.162532,16.2532
2025-12-05,小计,14026,10722,2439,678.396,0,,
2025-12-08,pb2601,11656,10322,1469,414.554,0,0.188366,18.8366
2025-12-08,pb2602,516,1984,115,29.732,0,0.141626,14.1626
2025-12-08,小计,12172,12306,1584,444.286,0,,
2025-12-09,pb2601,6941,9809,-513,309.8505,0,0.157815,15.7815
2025-12-09,pb2602,720,2179,195,60.2175,0,0.127651,12.7651
2025-12-09,小计,7661,11988,-318,370.068,0,,
2025-12-10,pb2601,8872,10659,850,262.8965,0,0.141882,14.1882
2025-12-10,pb2602,707,2428,249,23.011,0,0.137965,13.7965
2025-12-10,小计,9579,13087,1099,285.9075,0,,
2025-12-11,pb2601,6012,10589,-70,176.58,0,0.140606,14.0606
2025-12-11,pb2602,1128,2550,122,52.1455,0,0.137033,13.7033
2025-12-11,小计,7140,13139,52,228.7255,0,,
2025-12-12,pb2601,10798,11697,1108,330.2435,0,0.15146,15.146
2025-12-12,pb2602,1272,2839,289,62.5995,0,0.137265,13.7265
2025-12-12,小计,12070,14536,1397,392.843,0,,
2025-12-15,pb2601,7965,11882,185,225.067,25,0.156597,15.6597
2025-12-15,pb2602,718,2919,80,48.6865,0,0.146405,14.6405
2025-12-15,pb2603,0,0,0,0,0,0.146405,14.6405
2025-12-15,小计,8683,14801,265,273.7535,25,,
2025-12-16,pb2601,11421,12594,712,247.458,0,0.148715,14.8715
2025-12-16,pb2602,995,3004,85,46.829,0,0.148336,14.8336
2025-12-16,pb2603,8,8,8,0.192,0,0.149816,14.9816
2025-12-16,小计,12424,15606,805,294.479,0,,
2025-12-17,pb2601,10960,12453,-141,355.2115,15,0.137233,13.7233
2025-12-17,pb2602,1879,3340,336,104.855,0,0.129985,12.9985
2025-12-17,pb2603,23,31,23,0.247,0,0.136032,13.6032
2025-12-17,小计,12862,15824,218,460.3135,15,,
2025-12-18,pb2601,9970,12934,481,304.295,0,0.14434,14.434
2025-12-18,pb2602,1127,3590,250,74.2635,0,0.134944,13.4944
2025-12-18,pb2603,10,35,4,0.1355,0,0.140981,14.0981
2025-12-18,小计,11107,16559,735,378.694,0,,
2025-12-19,pb2601,20355,13869,935,591.131,0,0.182488,18.2488
2025-12-19,pb2602,2644,3627,37,131.477,5,0.145279,14.5279
2025-12-19,pb2603,326,331,296,17.726,0,0.143198,14.3198
2025-12-19,小计,23325,17827,1268,740.334,5,,
2025-12-22,pb2601,16825,14259,390,358.071,11,0.198114,19.8114
2025-12-22,pb2602,1943,3753,126,110.8705,0,0.149499,14.9499
2025-12-22,pb2603,31,336,5,0.8125,0,0.203669,20.3669
2025-12-22,小计,18799,18348,521,469.754,11,,
2025-12-23,pb2601,12642,14677,418,270.818,4,0.164023,16.4023
2025-12-23,pb2602,2058,4016,263,116.417,0,0.171182,17.1182
2025-12-23,pb2603,55,375,39,1.582,0,0.14702,14.702
2025-12-23,小计,14755,19068,720,388.817,4,,
2025-12-24,pb2601,33271,14567,-110,681.3265,0,0.227533,22.7533
2025-12-24,pb2602,9522,5989,1973,704.918,0,0.188963,18.8963
2025-12-24,pb2603,1078,782,407,75.362,0,0.172787,17.2787
2025-12-24,小计,43871,21338,2270,1461.6065,0,,
2025-12-25,pb2601,18722,0,-14567,336.4715,1637,0.207114,20.7114
2025-12-25,pb2602,7607,7016,1027,542.214,0,0.209551,20.9551
2025-12-25,pb2603,850,920,138,79.665,0,0.18069,18.069
2025-12-25,小计,27179,7936,-13402,958.3505,1637,,
2025-12-26,pb2602,14196,7961,945,966.2605,0,0.211014,21.1014
2025-12-26,pb2603,399,1060,140,63.2905,0,0.171568,17.1568
2025-12-26,小计,14595,9021,1085,1029.551,0,,
2025-12-29,pb2602,19476,8472,511,1787.1845,0,0.247343,24.7343
2025-12-29,pb2603,198,1115,55,21.455,0,0.232247,23.2247
2025-12-29,小计,19674,9587,566,1808.6395,0,,
2025-12-30,pb2602,12370,8751,279,879.751,0,0.21046,21.046
2025-12-30,pb2603,385,1148,33,56.873,0,0.187638,18.7638
2025-12-30,小计,12755,9899,312,936.624,0,,
2025-12-31,pb2602,12554,9645,894,710.416,0,0.202271,20.2271
2025-12-31,pb2603,1668,1848,700,167.016,0,0.166602,16.6602
2025-12-31,小计,14222,11493,1594,877.432,0,,
2026-01-05,pb2602,7498,10024,379,521.969,0,0.234592,23.4592
2026-01-05,pb2603,241,1903,55,25.97,0,0.203852,20.3852
2026-01-05,小计,7739,11927,434,547.939,0,,
2026-01-06,pb2602,19019,11898,1874,1623.4675,0,0.234279,23.4279
2026-01-06,pb2603,3000,2633,730,391.5015,0,0.211855,21.1855
2026-01-06,小计,22019,14531,2604,2014.969,0,,
2026-01-07,pb2602,37904,14633,2735,3915.4785,0,0.270999,27.0999
2026-01-07,pb2603,5185,4428,1795,778.608,0,0.234887,23.4887
2026-01-07,小计,43089,19061,4530,4694.0865,0,,
2026-01-08,pb2602,25957,14901,268,2203.575,0,0.267724,26.7724
2026-01-08,pb2603,4038,4363,-65,517.956,0,0.239608,23.9608
2026-01-08,pb2604,17,16,16,3.269,0,0.250262,25.0262
2026-01-08,小计,30012,19280,219,2724.8,0,,
2026-01-09,pb2602,15200,14929,28,963.101,0,0.25487,25.487
2026-01-09,pb2603,1477,4597,234,140.7525,0,0.222494,22.2494
2026-01-09,pb2604,1,17,1,0.022,0,0.135456,13.5456
2026-01-09,小计,16678,19543,263,1103.8755,0,,
2026-01-12,pb2602,17258,16117,1188,1058.2375,1,0.26192,26.192
2026-01-12,pb2603,2301,4995,398,228.659,0,0.239033,23.9033
2026-01-12,pb2604,10,27,10,0.757,0,0.166581,16.6581
2026-01-12,小计,19569,21139,1596,1287.6535,1,,
2026-01-13,pb2602,18140,17781,1664,918.267,0,0.260367,26.0367
2026-01-13,pb2603,2100,5560,565,201.374,0,0.246948,24.6948
2026-01-13,pb2604,1,28,1,0.033,0,0.16083,16.083
2026-01-13,小计,20241,23369,2230,1119.674,0,,
2026-01-14,pb2602,15308,17102,-679,803.5025,0,0.26513,26.513
2026-01-14,pb2603,2702,6039,479,261.044,0,0.240802,24.0802
2026-01-14,pb2604,2,30,2,0.458,0,0.198565,19.8565
2026-01-14,小计,18012,23171,-198,1065.0045,0,,
2026-01-15,pb2602,46503,19769,2667,3124.2685,12,0.31513,31.513
2026-01-15,pb2603,10104,8434,2395,1570.5265,0,0.323524,32.3524
2026-01-15,pb2604,130,81,51,25.422,0,0.215339,21.5339
2026-01-15,小计,56737,28284,5113,4720.217,12,,
2026-01-16,pb2602,85191,21891,2122,7355.5995,1,0.38826,38.826
2026-01-16,pb2603,15789,10065,1631,3210.149,0,0.381981,38.1981
2026-01-16,pb2604,109,119,38,22.7055,0,0.29428,29.428
2026-01-16,小计,101089,32075,3791,10588.454,1,,
2026-01-19,pb2602,32619,21211,-680,1184.11,10,0.327106,32.7106
2026-01-19,pb2603,8519,10552,487,791.904,0,0.30727,30.727
2026-01-19,pb2604,94,116,-3,15.231,0,0.264947,26.4947
2026-01-19,小计,41232,31879,-196,1991.245,10,,
2026-01-20,pb2602,17931,19047,-2164,340.9105,0,0.265642,26.5642
2026-01-20,pb2603,3241,10734,182,193.0215,0,0.287654,28.7654
2026-01-20,pb2604,158,242,126,49.607,0,0.230068,23.0068
2026-01-20,小计,21330,30023,-1856,583.539,0,,
2026-01-21,pb2602,22333,17121,-1926,451.0395,39,0.23598,23.598
2026-01-21,pb2603,5161,11165,431,274.4545,0,0.285354,28.5354
2026-01-21,pb2604,60,277,35,8.196,0,0.219598,21.9598
2026-01-21,小计,27554,28563,-1460,733.69,39,,
2026-01-22,pb2602,15856,16820,-301,257.554,0,0.221216,22.1216
2026-01-22,pb2603,3145,11024,-141,138.0345,0,0.295054,29.5054
2026-01-22,pb2604,33,302,25,2.712,0,0.225905,22.5905
2026-01-22,小计,19034,28146,-417,398.3005,0,,
2026-01-23,pb2602,19912,16420,-400,287.3765,0,0.210116,21.0116
2026-01-23,pb2603,5086,11597,573,252.9265,0,0.29296,29.296
2026-01-23,pb2604,26,318,16,1.923,0,0.242432,24.2432
2026-01-23,小计,25024,28335,189,542.226,0,,
2026-01-26,pb2602,17885,0,-16420,410.36,1570,0.273129,27.3129
2026-01-26,pb2603,9174,12709,1112,585.992,0,0.309545,30.9545
2026-01-26,pb2604,59,365,47,12.8325,0,0.2225,22.25
2026-01-26,小计,27118,13074,-15261,1009.1845,1570,,
2026-01-27,pb2603,15114,15633,2924,753.1665,0,0.319634,31.9634
2026-01-27,pb2604,495,571,206,54.2695,0,0.2387,23.87
2026-01-27,小计,15609,16204,3130,807.436,0,,
2026-01-28,pb2603,23735,17705,2072,1190.754,0,0.284655,28.4655
2026-01-28,pb2604,1101,858,287,120.74,0,0.233515,23.3515
2026-01-28,小计,24836,18563,2359,1311.494,0,,
2026-01-29,pb2603,50191,22532,4827,4594.3895,0,0.34201,34.201
2026-01-29,pb2604,1392,1493,635,245.8295,0,0.271266,27.1266
2026-01-29,小计,51583,24025,5462,4840.219,0,,
2026-01-30,pb2603,59308,23801,1269,5400.5325,0,0.384002,38.4002
2026-01-30,pb2604,1565,1920,427,323.2665,0,0.292615,29.2615
2026-01-30,pb2605,27,12,12,5.889,0,0.267718,26.7718
2026-01-30,小计,60900,25733,1708,5729.688,0,,
2026-02-02,pb2603,30887,23211,-590,1614.1235,0,0.33575,33.575
2026-02-02,pb2604,1368,1972,52,187.8525,0,0.258394,25.8394
2026-02-02,pb2605,3,15,3,0.5205,0,0.314474,31.4474
2026-02-02,小计,32258,25198,-535,1802.4965,0,,
2026-02-03,pb2603,19067,23269,58,781.001,0,0.347317,34.7317
2026-02-03,pb2604,871,2138,166,91.026,0,0.24444,24.444
2026-02-03,pb2605,2,17,2,0.152,0,0.271611,27.1611
2026-02-03,小计,19940,25424,226,872.179,0,,
2026-02-04,pb2603,14657,24692,1423,499.1925,0,0.333672,33.3672
2026-02-04,pb2604,699,2200,62,108.1505,0,0.249662,24.9662
2026-02-04,pb2605,16,33,16,2.758,0,0.270126,27.0126
2026-02-04,小计,15372,26925,1501,610.101,0,,
2026-02-05,pb2603,18328,23429,-1263,321.178,0,0.291389,29.1389
2026-02-05,pb2604,1541,2668,468,140.4455,0,0.242161,24.2161
2026-02-05,pb2605,30,62,29,4.2795,0,0.28093,28.093
2026-02-05,小计,19899,26159,-766,465.903,0,,
2026-02-06,pb2603,14107,23304,-125,356.8755,0,0.227923,22.7923
2026-02-06,pb2604,854,2777,109,75.8365,0,0.215037,21.5037
2026-02-06,pb2605,16,69,7,1.879,0,0.250026,25.0026
2026-02-06,小计,14977,26150,-9,434.591,0,,
2026-02-09,pb2603,14125,22222,-1082,260.8695,0,0.286237,28.6237
2026-02-09,pb2604,1130,3116,339,96.1285,0,0.217938,21.7938
2026-02-09,pb2605,0,69,0,0,0,0.217938,21.7938
2026-02-09,小计,15255,25407,-743,356.998,0,,
2026-02-10,pb2603,18963,21410,-812,441.028,1,0.230306,23.0306
2026-02-10,pb2604,2188,3933,817,221.141,0,0.189885,18.9885
2026-02-10,pb2605,1,70,1,0.1095,0,0.23116,23.116
2026-02-10,小计,21152,25413,6,662.2785,1,,
2026-02-11,pb2603,10741,20740,-670,216.05,0,0.244288,24.4288
2026-02-11,pb2604,729,4075,142,60.015,0,0.211382,21.1382
2026-02-11,pb2605,0,70,0,0,0,0.211382,21.1382
2026-02-11,小计,11470,24885,-528,276.065,0,,
2026-02-12,pb2603,14884,17870,-2870,296.599,344,0.298381,29.8381
2026-02-12,pb2604,1170,4294,219,98.0295,0,0.194031,19.4031
2026-02-12,pb2605,3,71,1,0.4235,0,0.236258,23.6258
2026-02-12,小计,16057,22235,-2650,395.052,344,,
2026-02-13,pb2603,10281,0,-17870,188.0335,1695,0.252369,25.2369
2026-02-13,pb2604,2794,5233,939,158.495,0,0.191835,19.1835
2026-02-13,pb2605,40,105,34,1.741,0,0.232036,23.2036
2026-02-13,小计,13115,5338,-16897,348.2695,1695,,
2026-02-24,pb2604,3566,6148,915,233.2365,0,0.220349,22.0349
2026-02-24,pb2605,1,106,1,0.0375,0,0.315568,31.5568
2026-02-24,小计,3567,6254,916,233.274,0,,
2026-02-25,pb2604,4407,6874,726,267.7985,0,0.215325,21.5325
2026-02-25,pb2605,5,109,3,0.3605,0,0.223996,22.3996
2026-02-25,小计,4412,6983,729,268.159,0,,
2026-02-26,pb2604,4867,8535,1661,224.5315,0,0.219228,21.9228
2026-02-26,pb2605,16,121,12,0.5575,0,0.27264,27.264
2026-02-26,小计,4883,8656,1673,225.089,0,,
2026-02-27,pb2604,5127,9331,796,223.919,0,0.197768,19.7768
2026-02-27,pb2605,116,182,61,6.8655,0,0.209386,20.9386
2026-02-27,小计,5243,9513,857,230.7845,0,,
2026-03-02,pb2604,6800,9371,40,349.574,0,0.203368,20.3368
2026-03-02,pb2605,99,241,59,4.494,0,0.21179,21.179
2026-03-02,小计,6899,9612,99,354.068,0,,
2026-03-03,pb2604,5953,10015,644,282.2045,0,0.21096,21.096
2026-03-03,pb2605,119,310,69,5.064,0,0.212334,21.2334
2026-03-03,小计,6072,10325,713,287.2685,0,,
2026-03-04,pb2604,4457,10098,83,234.175,0,0.199527,19.9527
2026-03-04,pb2605,293,387,77,4.696,0,0.19766,19.766
2026-03-04,小计,4750,10485,160,238.871,0,,
2026-03-05,pb2604,4497,10449,351,174.135,0,0.206606,20.6606
2026-03-05,pb2605,110,432,45,4.898,0,0.213091,21.3091
2026-03-05,小计,4607,10881,396,179.033,0,,
2026-03-06,pb2604,3259,10631,182,142.2185,0,0.203748,20.3748
2026-03-06,pb2605,258,608,176,6.008,0,0.241421,24.1421
2026-03-06,小计,3517,11239,358,148.2265,0,,
2026-03-09,pb2604,13416,11431,800,615.755,0,0.267873,26.7873
2026-03-09,pb2605,1256,1059,451,29.9135,0,0.234477,23.4477
2026-03-09,pb2606,0,0,0,0,0,0.234477,23.4477
2026-03-09,小计,14672,12490,1251,645.6685,0,,
2026-03-10,pb2604,8491,11788,357,428.815,0,0.250987,25.0987
2026-03-10,pb2605,412,1187,128,15.857,0,0.242506,24.2506
2026-03-10,pb2606,0,0,0,0,0,0.242506,24.2506
2026-03-10,小计,8903,12975,485,444.672,0,,
2026-03-11,pb2604,6382,12608,820,288.49,0,0.23123,23.123
2026-03-11,pb2605,491,1223,36,14.496,0,0.226756,22.6756
2026-03-11,pb2606,0,0,0,0,0,0.226756,22.6756
2026-03-11,小计,6873,13831,856,302.986,0,,
2026-03-12,pb2604,5351,13287,679,203.41,0,0.238398,23.8398
2026-03-12,pb2605,663,1550,327,30.792,0,0.238134,23.8134
2026-03-12,pb2606,1,1,1,0.112,0,0.144737,14.4737
2026-03-12,小计,6015,14838,1007,234.314,0,,
2026-03-13,pb2604,10091,14791,1504,395.5905,0,0.2202,22.02
2026-03-13,pb2605,368,1661,111,13.2835,0,0.217667,21.7667
2026-03-13,pb2606,6,4,3,1.1725,0,0.317903,31.7903
2026-03-13,小计,10465,16456,1618,410.0465,0,,
2026-03-16,pb2604,22493,16422,1631,907.647,0,0.251607,25.1607
2026-03-16,pb2605,1352,2143,482,90.323,0,0.215733,21.5733
2026-03-16,pb2606,121,43,39,28.992,0,0.193838,19.3838
2026-03-16,小计,23966,18608,2152,1026.962,0,,
2026-03-17,pb2604,23934,17065,643,780.827,0,0.242454,24.2454
2026-03-17,pb2605,1754,2637,494,109.577,0,0.202462,20.2462
2026-03-17,pb2606,347,120,77,189.7955,9,0.141082,14.1082
2026-03-17,小计,26035,19822,1214,1080.1995,9,,
2026-03-18,pb2604,35364,20033,2968,1180.402,0,0.260924,26.0924
2026-03-18,pb2605,1456,2924,287,86.757,0,0.194765,19.4765
2026-03-18,pb2606,10,122,2,3.507,0,0.140387,14.0387
2026-03-18,小计,36830,23079,3257,1270.666,0,,
2026-03-19,pb2604,26942,19025,-1008,1013.8675,0,0.247776,24.7776
2026-03-19,pb2605,1834,3187,263,129.261,0,0.194852,19.4852
2026-03-19,pb2606,14,127,5,1.2865,0,0.227424,22.7424
2026-03-19,小计,28790,22339,-740,1144.415,0,,
2026-03-20,pb2604,21685,18968,-57,817.3445,1,0.235914,23.5914
2026-03-20,pb2605,2466,3490,303,171.9125,0,0.205017,20.5017
2026-03-20,pb2606,45,151,24,2.241,0,0.194793,19.4793
2026-03-20,小计,24196,22609,270,991.498,1,,
2026-03-23,pb2604,22012,16911,-2057,488.7045,0,0.301418,30.1418
2026-03-23,pb2605,4109,4900,1410,408.3925,0,0.216133,21.6133
2026-03-23,pb2606,181,301,150,7.661,0,0.195799,19.5799
2026-03-23,小计,26302,22112,-497,904.758,0,,
2026-03-24,pb2604,13983,15000,-1911,233.3615,0,0.262526,26.2526
2026-03-24,pb2605,2483,5660,760,253.4715,0,0.212562,21.2562
2026-03-24,pb2606,252,430,129,6.484,0,0.222004,22.2004
2026-03-24,小计,16718,21090,-1022,493.317,0,,
2026-03-25,pb2604,9006,0,-15000,167.112,1476,0.200033,20.0033
2026-03-25,pb2605,2985,6541,881,254.9815,0,0.193702,19.3702
2026-03-25,pb2606,19,429,-1,0.5955,0,0.225643,22.5643
2026-03-25,小计,12010,6970,-14120,422.689,1476,,
2026-03-26,pb2605,4338,7760,1219,296.8605,0,0.202188,20.2188
2026-03-26,pb2606,196,562,133,29.373,0,0.171702,17.1702
2026-03-26,小计,4534,8322,1352,326.2335,0,,
2026-03-27,pb2605,3096,7825,65,212.104,0,0.180127,18.0127
2026-03-27,pb2606,261,583,21,16.342,0,0.190947,19.0947
2026-03-27,小计,3357,8408,86,228.446,0,,
2026-03-30,pb2605,4225,8322,497,218.726,0,0.195501,19.5501
2026-03-30,pb2606,537,781,198,29.3405,0,0.20288,20.288
2026-03-30,小计,4762,9103,695,248.0665,0,,
2026-03-31,pb2605,3665,8494,172,214.09,0,0.165443,16.5443
2026-03-31,pb2606,115,819,38,3.4555,0,0.198212,19.8212
2026-03-31,小计,3780,9313,210,217.5455,0,,
2026-04-01,pb2605,9394,8541,47,652.9465,0,0.161827,16.1827
2026-04-01,pb2606,243,925,106,4.6505,0,0.217167,21.7167
2026-04-01,小计,9637,9466,153,657.597,0,,
2026-04-02,pb2605,7124,8757,216,452.8225,0,0.161426,16.1426
2026-04-02,pb2606,467,1130,205,13.593,0,0.198177,19.8177
2026-04-02,小计,7591,9887,421,466.4155,0,,
2026-04-03,pb2605,5383,9435,678,299.9355,0,0.173287,17.3287
2026-04-03,pb2606,1194,1340,210,13.6275,0,0.21536,21.536
2026-04-03,小计,6577,10775,888,313.563,0,,
2026-04-07,pb2605,4674,9938,503,247.229,0,0.173799,17.3799
2026-04-07,pb2606,493,1488,148,46.171,0,0.185604,18.5604
2026-04-07,小计,5167,11426,651,293.4,0,,
2026-04-08,pb2605,7223,10204,266,423.394,0,0.171719,17.1719
2026-04-08,pb2606,303,1692,204,7.3195,0,0.177901,17.7901
2026-04-08,小计,7526,11896,470,430.7135,0,,
2026-04-09,pb2605,4639,10163,-41,204.212,0,0.15962,15.962
2026-04-09,pb2606,351,1748,56,14.783,0,0.1867,18.67
2026-04-09,小计,4990,11911,15,218.995,0,,
2026-04-10,pb2605,6240,10322,159,223.2665,0,0.157318,15.7318
2026-04-10,pb2606,524,1839,91,32.916,0,0.16695,16.695
2026-04-10,小计,6764,12161,250,256.1825,0,,
2026-04-13,pb2605,5913,10187,-135,211.3865,0,0.163274,16.3274
2026-04-13,pb2606,519,1857,18,16.0315,0,0.197792,19.7792
2026-04-13,小计,6432,12044,-117,227.418,0,,
2026-04-14,pb2605,6609,10157,-30,182.176,0,0.167215,16.7215
2026-04-14,pb2606,680,2037,180,47.6505,0,0.139442,13.9442
2026-04-14,pb2607,0,0,0,0,0,0.139442,13.9442
2026-04-14,小计,7289,12194,150,229.8265,0,,
2026-04-15,pb2605,8359,9961,-196,230.2525,0,0.166456,16.6456
2026-04-15,pb2606,583,2296,259,22.452,0,0.196624,19.6624
2026-04-15,pb2607,4,2,2,0.935,0,0.12396,12.396
2026-04-15,小计,8946,12259,65,253.6395,0,,
2026-04-16,pb2605,19576,10527,566,840.533,0,0.166012,16.6012
2026-04-16,pb2606,1373,2814,518,90.801,0,0.177175,17.7175
2026-04-16,pb2607,1,3,1,0.1615,0,0.123843,12.3843
2026-04-16,小计,20950,13344,1085,931.4955,0,,
2026-04-17,pb2605,13024,11274,747,402.8405,,,
2026-04-17,pb2606,2074,3198,384,64.858,,,
2026-04-17,pb2607,160,89,86,20.481,,,
2026-04-17,小计,15258,14561,1217,488.1795,,,
