交易日期,合约系列,成交量,持仓量,持仓量变化,成交额,行权量,隐含波动率,隐含波动率(%)
2024-09-02,sn2412,764,487,487,457.9734,1.0,0.238561,23.8561
2024-09-02,sn2501,96,78,78,64.821,0.0,0.231904,23.1904
2024-09-02,小计,860,565,565,522.7944,1.0,,
2024-09-03,sn2412,1726,1092,605,857.0578,0.0,0.243286,24.3286
2024-09-03,sn2501,393,254,176,305.4564,0.0,0.2276,22.76
2024-09-03,小计,2119,1346,781,1162.5142,0.0,,
2024-09-04,sn2412,2173,1668,576,955.464,0.0,0.248977,24.8977
2024-09-04,sn2501,324,412,158,287.8098,0.0,0.233232,23.3232
2024-09-04,小计,2497,2080,734,1243.2738,0.0,,
2024-09-05,sn2412,1907,2010,342,984.1734,0.0,0.25264,25.264
2024-09-05,sn2501,438,620,208,340.9848,0.0,0.246306,24.6306
2024-09-05,小计,2345,2630,550,1325.1582,0.0,,
2024-09-06,sn2412,2815,2301,291,1306.7478,0.0,0.239945,23.9945
2024-09-06,sn2501,721,804,184,548.8542,0.0,0.239497,23.9497
2024-09-06,小计,3536,3105,475,1855.602,0.0,,
2024-09-09,sn2412,1891,2625,324,896.678,0.0,0.2604,26.04
2024-09-09,sn2501,619,904,100,448.8288,0.0,0.254387,25.4387
2024-09-09,小计,2510,3529,424,1345.5068,0.0,,
2024-09-10,sn2412,1059,2807,182,417.834,0.0,0.26962,26.962
2024-09-10,sn2501,612,1063,159,479.3498,0.0,0.259495,25.9495
2024-09-10,小计,1671,3870,341,897.1838,0.0,,
2024-09-11,小计,1586,3956,86,769.4342,0.0,,
2024-09-11,sn2412,1441,2837,30,673.573,0.0,0.268417,26.8417
2024-09-11,sn2501,145,1119,56,95.8612,0.0,0.275665,27.5665
2024-09-12,sn2412,1561,2749,-88,651.1716,0.0,0.250833,25.0833
2024-09-12,sn2501,202,1154,35,143.8724,0.0,0.266562,26.6562
2024-09-12,小计,1763,3903,-53,795.044,0.0,,
2024-09-13,sn2412,1217,2823,74,446.241,0.0,0.244743,24.4743
2024-09-13,sn2501,319,1230,76,148.6388,0.0,0.262866,26.2866
2024-09-13,小计,1536,4053,150,594.8798,0.0,,
2024-09-18,sn2412,822,2812,-11,269.7738,0.0,0.266555,26.6555
2024-09-18,sn2501,108,1236,6,58.6858,0.0,0.263078,26.3078
2024-09-18,小计,930,4048,-5,328.4596,0.0,,
2024-09-19,sn2412,1687,2827,15,611.6788,0.0,0.258394,25.8394
2024-09-19,sn2501,215,1268,32,107.9568,0.0,0.259694,25.9694
2024-09-19,小计,1902,4095,47,719.6356,0.0,,
2024-09-20,sn2412,2166,3096,269,974.7918,0.0,0.243953,24.3953
2024-09-20,sn2501,894,1492,224,663.5916,0.0,0.246589,24.6589
2024-09-20,小计,3060,4588,493,1638.3834,0.0,,
2024-09-23,sn2501,173,1533,41,110.9144,0.0,0.25597,25.597
2024-09-23,小计,1331,4634,46,535.284,0.0,,
2024-09-23,sn2412,1158,3101,5,424.3696,0.0,0.248827,24.8827
2024-09-24,sn2501,110,1542,9,77.6412,0.0,0.257132,25.7132
2024-09-24,小计,1015,4781,147,365.9932,0.0,,
2024-09-24,sn2412,905,3239,138,288.352,0.0,0.264641,26.4641
2024-09-25,sn2412,2896,3771,532,1151.1448,0.0,0.262782,26.2782
2024-09-25,sn2501,859,1569,27,513.3988,0.0,0.2502,25.02
2024-09-25,小计,3755,5340,559,1664.5436,0.0,,
2024-09-26,sn2412,3544,3727,-44,1539.3784,0.0,0.275365,27.5365
2024-09-26,sn2501,862,1349,-220,673.7632,0.0,0.261295,26.1295
2024-09-26,小计,4406,5076,-264,2213.1416,0.0,,
2024-09-27,sn2501,896,1396,47,421.0292,0.0,0.25415,25.415
2024-09-27,小计,2889,5184,108,1035.2874,0.0,,
2024-09-27,sn2412,1993,3788,61,614.2582,0.0,0.266827,26.6827
2024-09-30,sn2412,3934,4086,298,1756.7464,0.0,0.278703,27.8703
2024-09-30,sn2501,1244,1493,97,730.7482,0.0,0.265961,26.5961
2024-09-30,小计,5178,5579,395,2487.4946,0.0,,
2024-10-08,sn2412,1601,4079,-7,667.0944,0.0,0.298428,29.8428
2024-10-08,sn2501,212,1482,-11,109.8502,0.0,0.282818,28.2818
2024-10-08,小计,1813,5561,-18,776.9446,0.0,,
2024-10-09,sn2501,448,1497,15,283.5546,0.0,0.265634,26.5634
2024-10-09,小计,2912,5943,382,1406.445,0.0,,
2024-10-09,sn2412,2464,4446,367,1122.8904,0.0,0.279665,27.9665
2024-10-10,小计,3098,6377,434,1326.1046,0.0,,
2024-10-10,sn2412,2577,4893,447,1059.3332,0.0,0.283642,28.3642
2024-10-10,sn2501,521,1484,-13,266.7714,0.0,0.266755,26.6755
2024-10-11,sn2412,1748,5246,353,649.6818,0.0,0.294447,29.4447
2024-10-11,sn2501,513,1630,146,283.2446,0.0,0.272302,27.2302
2024-10-11,小计,2261,6876,499,932.9264,0.0,,
2024-10-14,sn2412,3277,5795,549,790.533,0.0,0.297777,29.7777
2024-10-14,sn2501,465,1681,51,239.2816,0.0,0.2661,26.61
2024-10-14,小计,3742,7476,600,1029.8146,0.0,,
2024-10-15,sn2501,1360,2089,408,863.4976,0.0,0.253028,25.3028
2024-10-15,小计,4296,8309,833,1597.9734,0.0,,
2024-10-15,sn2412,2936,6220,425,734.4758,0.0,0.28991,28.991
2024-10-16,sn2412,1257,6161,-59,321.5112,0.0,0.282906,28.2906
2024-10-16,sn2501,194,2126,37,131.8274,0.0,0.263248,26.3248
2024-10-16,小计,1451,8287,-22,453.3386,0.0,,
2024-10-17,小计,4149,8409,122,2030.962,0.0,,
2024-10-17,sn2412,2791,6323,162,978.7398,0.0,0.297133,29.7133
2024-10-17,sn2501,1358,2086,-40,1052.2222,0.0,0.261136,26.1136
2024-10-18,sn2412,2908,6200,-123,844.1342,0.0,0.299098,29.9098
2024-10-18,sn2501,774,2084,-2,464.1942,0.0,0.275466,27.5466
2024-10-18,小计,3682,8284,-125,1308.3284,0.0,,
2024-10-21,小计,2643,8348,64,915.1636,0.0,,
2024-10-21,sn2501,534,2058,-26,312.5816,0.0,0.257573,25.7573
2024-10-21,sn2412,2109,6290,90,602.582,0.0,0.31677,31.677
2024-10-22,sn2501,626,2157,99,337.3138,0.0,0.269981,26.9981
2024-10-22,小计,4075,8670,322,1166.3932,0.0,,
2024-10-22,sn2412,3449,6513,223,829.0794,0.0,0.306979,30.6979
2024-10-23,sn2412,2132,6621,108,479.2316,0.0,0.289791,28.9791
2024-10-23,sn2501,476,2234,77,257.1666,0.0,0.26343,26.343
2024-10-23,小计,2608,8855,185,736.3982,0.0,,
2024-10-24,小计,1974,9134,279,573.8004,0.0,,
2024-10-24,sn2412,1293,6859,238,311.7394,0.0,0.278009,27.8009
2024-10-24,sn2501,681,2275,41,262.061,0.0,0.263539,26.3539
2024-10-25,小计,4296,9516,382,1734.3794,0.0,,
2024-10-25,sn2412,2507,7136,277,699.6104,0.0,0.257239,25.7239
2024-10-25,sn2501,1789,2380,105,1034.769,0.0,0.2443,24.43
2024-10-28,sn2412,2386,7129,-7,441.6594,0.0,0.29771,29.771
2024-10-28,sn2501,558,2513,133,173.169,0.0,0.27375,27.375
2024-10-28,小计,2944,9642,126,614.8284,0.0,,
2024-10-29,sn2501,1024,2562,49,424.585,0.0,0.253165,25.3165
2024-10-29,小计,3548,9781,139,889.4796,0.0,,
2024-10-29,sn2412,2524,7219,90,464.8946,0.0,0.283189,28.3189
2024-10-30,sn2501,545,2610,48,207.9062,0.0,0.24637,24.637
2024-10-30,小计,3219,9538,-243,608.5196,13.0,,
2024-10-30,sn2412,2674,6928,-291,400.6134,13.0,0.281435,28.1435
2024-10-31,sn2412,3410,6945,17,591.2502,0.0,0.279963,27.9963
2024-10-31,sn2501,1041,2689,79,372.3502,0.0,0.248912,24.8912
2024-10-31,小计,4451,9634,96,963.6004,0.0,,
2024-11-01,sn2412,2234,7035,90,302.829,0.0,0.276805,27.6805
2024-11-01,sn2501,754,2809,120,284.8818,0.0,0.236516,23.6516
2024-11-01,小计,2988,9844,210,587.7108,0.0,,
2024-11-04,小计,10685,10404,560,2356.1936,0.0,,
2024-11-04,sn2412,8614,7190,155,1615.6428,0.0,0.308144,30.8144
2024-11-04,sn2501,2071,3214,405,740.5508,0.0,0.270306,27.0306
2024-11-05,小计,2866,10289,-115,509.6302,0.0,,
2024-11-05,sn2412,2449,7045,-145,350.974,0.0,0.31182,31.182
2024-11-05,sn2501,417,3244,30,158.6562,0.0,0.278249,27.8249
2024-11-06,sn2412,3268,6724,-321,333.3472,9.0,0.313233,31.3233
2024-11-06,sn2501,1786,3144,-100,630.3552,0.0,0.261518,26.1518
2024-11-06,小计,5054,9868,-421,963.7024,9.0,,
2024-11-07,sn2412,2947,6942,218,409.977,0.0,0.268189,26.8189
2024-11-07,sn2501,990,3114,-30,326.3276,0.0,0.253348,25.3348
2024-11-07,小计,3937,10056,188,736.3046,0.0,,
2024-11-08,sn2501,717,3083,-31,198.3288,0.0,0.248495,24.8495
2024-11-08,sn2412,2577,6742,-200,348.141,0.0,0.261436,26.1436
2024-11-08,小计,3294,9825,-231,546.4698,0.0,,
2024-11-11,sn2412,2766,6892,150,337.9508,0.0,0.267578,26.7578
2024-11-11,sn2501,585,3130,47,146.0438,0.0,0.251946,25.1946
2024-11-11,小计,3351,10022,197,483.9946,0.0,,
2024-11-12,sn2412,4506,6795,-97,371.8622,0.0,0.259947,25.9947
2024-11-12,sn2501,1344,3395,265,419.501,0.0,0.232737,23.2737
2024-11-12,小计,5850,10190,168,791.3632,0.0,,
2024-11-13,小计,16573,11098,908,2694.1378,0.0,,
2024-11-13,sn2501,2634,3596,201,763.4872,0.0,0.253224,25.3224
2024-11-13,sn2412,13939,7502,707,1930.6506,0.0,0.294023,29.4023
2024-11-14,小计,15014,11960,862,2760.4872,0.0,,
2024-11-14,sn2412,11703,8215,713,1771.6196,0.0,0.311172,31.1172
2024-11-14,sn2501,3311,3745,149,988.8676,0.0,0.26509,26.509
2024-11-15,sn2412,7439,8466,251,1087.7216,0.0,0.279361,27.9361
2024-11-15,sn2501,969,3851,106,393.2916,0.0,0.254156,25.4156
2024-11-15,小计,8408,12317,357,1481.0132,0.0,,
2024-11-18,小计,10374,12577,260,1461.8782,0.0,,
2024-11-18,sn2501,1570,4055,204,417.59,0.0,0.266126,26.6126
2024-11-18,sn2412,8804,8522,56,1044.2882,0.0,0.306665,30.6665
2024-11-19,sn2501,1336,4122,67,313.66,0.0,0.263242,26.3242
2024-11-19,sn2412,6943,8396,-126,594.132,0.0,0.294339,29.4339
2024-11-19,小计,8279,12518,-59,907.792,0.0,,
2024-11-20,sn2412,6194,8437,41,340.5018,1.0,0.303258,30.3258
2024-11-20,sn2501,815,4204,82,171.0174,0.0,0.261891,26.1891
2024-11-20,小计,7009,12641,123,511.5192,1.0,,
2024-11-21,小计,7870,12356,-285,473.6456,0.0,,
2024-11-21,sn2501,907,4247,43,190.8294,0.0,0.252317,25.2317
2024-11-21,sn2412,6963,8109,-328,282.8162,0.0,0.285738,28.5738
2024-11-22,sn2412,9205,7882,-227,496.5454,0.0,0.225886,22.5886
2024-11-22,sn2501,2002,4529,282,400.4402,0.0,0.263073,26.3073
2024-11-22,小计,11207,12411,55,896.9856,0.0,,
2024-11-25,小计,9689,4682,-7729,561.1192,1135.0,,
2024-11-25,sn2412,8389,0,-7882,322.358,1135.0,0.314917,31.4917
2024-11-25,sn2501,1300,4682,153,238.7612,0.0,0.25474,25.474
2024-11-26,小计,2388,5085,403,501.5528,0.0,,
2024-11-26,sn2501,2203,4926,244,445.6654,0.0,0.249795,24.9795
2024-11-26,sn2502,185,159,159,55.8874,0.0,0.22324,22.324
2024-11-27,小计,9986,6717,1632,2243.1192,0.0,,
2024-11-27,sn2501,9442,6343,1417,1802.3778,0.0,0.280844,28.0844
2024-11-27,sn2502,544,374,215,440.7414,0.0,0.225687,22.5687
2024-11-28,sn2502,548,687,313,233.9306,0.0,0.243562,24.3562
2024-11-28,sn2501,8563,7800,1457,1489.7338,0.0,0.273795,27.3795
2024-11-28,小计,9111,8487,1770,1723.6644,0.0,,
2024-11-29,sn2502,885,963,276,455.7008,0.0,0.216581,21.6581
2024-11-29,小计,10352,8695,208,1791.7456,0.0,,
2024-11-29,sn2501,9467,7732,-68,1336.0448,0.0,0.254416,25.4416
2024-12-02,sn2502,404,1130,167,259.0638,0.0,0.231274,23.1274
2024-12-02,sn2501,5947,7742,10,840.4214,0.0,0.270901,27.0901
2024-12-02,小计,6351,8872,177,1099.4852,0.0,,
2024-12-03,小计,4307,9057,185,705.0164,0.0,,
2024-12-03,sn2501,3808,7806,64,546.6672,0.0,0.261945,26.1945
2024-12-03,sn2502,499,1251,121,158.3492,0.0,0.225564,22.5564
2024-12-04,sn2501,2433,7873,67,327.3208,0.0,0.244264,24.4264
2024-12-04,sn2502,296,1273,22,271.411,0.0,0.233888,23.3888
2024-12-04,小计,2729,9146,89,598.7318,0.0,,
2024-12-05,小计,3721,9379,233,584.5774,0.0,,
2024-12-05,sn2501,3449,8045,172,419.7764,0.0,0.243733,24.3733
2024-12-05,sn2502,272,1334,61,164.801,0.0,0.228113,22.8113
2024-12-06,sn2502,776,1574,240,347.4162,0.0,0.208649,20.8649
2024-12-06,小计,4275,9826,447,775.3002,0.0,,
2024-12-06,sn2501,3499,8252,207,427.884,0.0,0.239578,23.9578
2024-12-09,小计,4238,10141,315,772.0656,0.0,,
2024-12-09,sn2502,778,1799,225,325.8076,0.0,0.225264,22.5264
2024-12-09,sn2501,3460,8342,90,446.258,0.0,0.235698,23.5698
2024-12-10,sn2502,869,1931,132,260.152,0.0,0.219929,21.9929
2024-12-10,sn2501,7161,7956,-386,713.9028,0.0,0.251008,25.1008
2024-12-10,小计,8030,9887,-254,974.0548,0.0,,
2024-12-11,sn2501,2695,7948,-8,371.4704,0.0,0.232837,23.2837
2024-12-11,sn2502,402,1943,12,177.1734,0.0,0.232301,23.2301
2024-12-11,小计,3097,9891,4,548.6438,0.0,,
2024-12-12,小计,5751,10275,384,683.854,3.0,,
2024-12-12,sn2501,5203,8245,297,580.3852,3.0,0.225793,22.5793
2024-12-12,sn2502,548,2030,87,103.4688,0.0,0.226594,22.6594
2024-12-13,sn2501,4985,8264,19,474.4116,2.0,0.226918,22.6918
2024-12-13,sn2502,1665,2431,401,368.5528,0.0,0.217852,21.7852
2024-12-13,小计,6650,10695,420,842.9644,2.0,,
2024-12-16,小计,6704,10517,-178,682.3078,0.0,,
2024-12-16,sn2501,5867,8038,-226,528.2026,0.0,0.231818,23.1818
2024-12-16,sn2502,837,2479,48,154.1052,0.0,0.22817,22.817
2024-12-17,sn2502,540,2593,114,86.0468,0.0,0.22638,22.638
2024-12-17,小计,6027,11155,638,489.1718,0.0,,
2024-12-17,sn2501,5487,8562,524,403.125,0.0,0.222697,22.2697
2024-12-18,sn2501,6946,8745,183,446.599,0.0,0.214447,21.4447
2024-12-18,小计,7994,11666,511,546.1734,0.0,,
2024-12-18,sn2502,1048,2921,328,99.5744,0.0,0.250076,25.0076
2024-12-19,小计,18955,11790,124,1591.6918,16.0,,
2024-12-19,sn2502,2288,3211,290,325.0102,0.0,0.221372,22.1372
2024-12-19,sn2501,16667,8579,-166,1266.6816,16.0,0.218752,21.8752
2024-12-20,小计,13778,12802,1012,953.175,0.0,,
2024-12-20,sn2501,12075,9224,645,706.8788,0.0,0.211206,21.1206
2024-12-20,sn2502,1703,3578,367,246.2962,0.0,0.213344,21.3344
2024-12-23,小计,14021,13391,589,845.673,1.0,,
2024-12-23,sn2503,45,42,42,10.2542,0.0,0.190027,19.0027
2024-12-23,sn2501,11522,9255,31,480.115,1.0,0.222019,22.2019
2024-12-23,sn2502,2454,4094,516,355.3038,0.0,0.220684,22.0684
2024-12-24,小计,12098,13473,82,565.4298,3.0,,
2024-12-24,sn2503,26,63,21,1.6842,0.0,0.221444,22.1444
2024-12-24,sn2502,1706,4297,203,230.153,0.0,0.223731,22.3731
2024-12-24,sn2501,10366,9113,-142,333.5926,3.0,0.223284,22.3284
2024-12-25,sn2501,13324,0,-9113,311.0484,857.0,0.182059,18.2059
2024-12-25,小计,15912,4863,-8610,650.0314,857.0,,
2024-12-25,sn2503,87,94,31,9.4848,0.0,0.195703,19.5703
2024-12-25,sn2502,2501,4769,472,329.4982,0.0,0.244968,24.4968
2024-12-26,sn2503,831,547,453,256.8414,0.0,0.186039,18.6039
2024-12-26,sn2502,1804,5053,284,233.2346,0.0,0.219106,21.9106
2024-12-26,小计,2635,5600,737,490.076,0.0,,
2024-12-27,sn2503,1017,884,337,273.0716,0.0,0.183854,18.3854
2024-12-27,sn2502,3047,5626,573,371.8852,0.0,0.209988,20.9988
2024-12-27,小计,4064,6510,910,644.9568,0.0,,
2024-12-30,sn2502,4072,5764,138,519.2,0.0,0.214952,21.4952
2024-12-30,sn2503,407,990,106,175.3296,0.0,0.182196,18.2196
2024-12-30,小计,4479,6754,244,694.5296,0.0,,
2024-12-31,sn2503,532,1191,201,201.2494,0.0,0.16895,16.895
2024-12-31,小计,3811,6860,106,591.9146,0.0,,
2024-12-31,sn2502,3279,5669,-95,390.6652,0.0,0.201977,20.1977
2025-01-02,sn2502,1734,5771,102,238.687,0.0,0.198321,19.8321
2025-01-02,sn2503,352,1263,72,162.2002,0.0,0.169753,16.9753
2025-01-02,小计,2086,7034,174,400.8872,0.0,,
2025-01-03,小计,8489,7750,716,1432.0862,0.0,,
2025-01-03,sn2502,6848,6253,482,877.6036,0.0,0.211751,21.1751
2025-01-03,sn2503,1641,1497,234,554.4826,0.0,0.180265,18.0265
2025-01-06,小计,9399,7993,243,1158.9444,1.0,,
2025-01-06,sn2502,8712,6405,152,966.9816,1.0,0.223781,22.3781
2025-01-06,sn2503,687,1588,91,191.9628,0.0,0.186303,18.6303
2025-01-07,小计,5775,7931,-62,847.7538,0.0,,
2025-01-07,sn2502,5046,6243,-162,622.754,0.0,0.216989,21.6989
2025-01-07,sn2503,729,1688,100,224.9998,0.0,0.183393,18.3393
2025-01-08,sn2503,1120,1977,289,350.5822,0.0,0.200628,20.0628
2025-01-08,sn2502,21312,7975,1732,2059.2754,0.0,0.270993,27.0993
2025-01-08,小计,22432,9952,2021,2409.8576,0.0,,
2025-01-09,小计,11048,10976,1024,1000.1828,0.0,,
2025-01-09,sn2502,10502,8880,905,837.5656,0.0,0.255757,25.5757
2025-01-09,sn2503,546,2096,119,162.6172,0.0,0.195622,19.5622
2025-01-10,小计,12678,11915,939,1130.2788,0.0,,
2025-01-10,sn2503,475,2162,66,156.3184,0.0,0.184648,18.4648
2025-01-10,sn2502,12203,9753,873,973.9604,0.0,0.241764,24.1764
2025-01-13,sn2502,14810,10218,465,1117.294,0.0,0.247067,24.7067
2025-01-13,sn2503,1311,2355,193,387.7376,0.0,0.189058,18.9058
2025-01-13,小计,16121,12573,658,1505.0316,0.0,,
2025-01-14,小计,19455,13487,914,1602.0578,0.0,,
2025-01-14,sn2502,18070,10812,594,1176.0046,0.0,0.271945,27.1945
2025-01-14,sn2503,1385,2675,320,426.0532,0.0,0.191852,19.1852
2025-01-15,sn2502,16267,11513,701,1172.9574,1.0,0.258217,25.8217
2025-01-15,sn2503,2415,3026,351,626.8182,0.0,0.195726,19.5726
2025-01-15,小计,18682,14539,1052,1799.7756,1.0,,
2025-01-16,小计,15960,14718,179,1193.2168,0.0,,
2025-01-16,sn2503,1531,3138,112,335.3106,0.0,0.20772,20.772
2025-01-16,sn2502,14429,11580,67,857.9062,0.0,0.255343,25.5343
2025-01-17,sn2503,1690,3514,376,411.5324,0.0,0.189928,18.9928
2025-01-17,sn2502,14656,10347,-1233,771.999,0.0,0.244196,24.4196
2025-01-17,小计,16346,13861,-857,1183.5314,0.0,,
2025-01-20,sn2503,2123,4014,500,610.6762,0.0,0.193428,19.3428
2025-01-20,小计,15943,14394,533,1860.64,5.0,,
2025-01-20,sn2502,13820,10380,33,1249.9638,5.0,0.262839,26.2839
2025-01-21,小计,34812,4643,-9751,2709.1036,1016.0,,
2025-01-21,sn2503,4242,4643,629,1119.2718,0.0,0.207208,20.7208
2025-01-21,sn2502,30570,0,-10380,1589.8318,1016.0,0.282883,28.2883
2025-01-22,sn2503,3535,4622,-21,575.5374,0.0,0.213943,21.3943
2025-01-22,sn2504,91,85,85,27.811,0.0,0.188439,18.8439
2025-01-22,小计,3626,4707,64,603.3484,0.0,,
2025-01-23,sn2504,127,200,115,25.1738,0.0,0.209635,20.9635
2025-01-23,小计,3133,5040,333,647.9336,0.0,,
2025-01-23,sn2503,3006,4840,218,622.7598,0.0,0.188707,18.8707
2025-01-24,sn2503,3127,4626,-214,696.6416,0.0,0.18721,18.721
2025-01-24,sn2504,474,447,247,174.3548,0.0,0.181083,18.1083
2025-01-24,小计,3601,5073,33,870.9964,0.0,,
2025-01-27,sn2503,2450,4952,326,353.7074,0.0,0.205286,20.5286
2025-01-27,sn2504,118,480,33,29.4408,0.0,0.203293,20.3293
2025-01-27,小计,2568,5432,359,383.1482,0.0,,
2025-02-05,sn2503,4887,5357,405,803.9358,0.0,0.221861,22.1861
2025-02-05,小计,5658,6148,716,994.73,0.0,,
2025-02-05,sn2504,771,791,311,190.7942,0.0,0.226244,22.6244
2025-02-06,sn2504,1606,1470,679,423.507,0.0,0.226633,22.6633
2025-02-06,小计,10106,7870,1722,2014.4462,0.0,,
2025-02-06,sn2503,8500,6400,1043,1590.9392,0.0,0.224213,22.4213
2025-02-07,小计,7986,8566,696,1415.3962,0.0,,
2025-02-07,sn2504,1722,1903,433,431.8054,0.0,0.213045,21.3045
2025-02-07,sn2503,6264,6663,263,983.5908,0.0,0.21448,21.448
2025-02-10,sn2503,4940,6798,135,800.6618,0.0,0.230977,23.0977
2025-02-10,小计,6548,9177,611,1188.9768,0.0,,
2025-02-10,sn2504,1608,2379,476,388.315,0.0,0.216105,21.6105
2025-02-11,sn2504,1937,2713,334,501.3028,0.0,0.209762,20.9762
2025-02-11,小计,5965,9583,406,971.7844,0.0,,
2025-02-11,sn2503,4028,6870,72,470.4816,0.0,0.199983,19.9983
2025-02-12,小计,4680,9924,341,620.1012,0.0,,
2025-02-12,sn2504,700,2861,148,183.8102,0.0,0.20956,20.956
2025-02-12,sn2503,3980,7063,193,436.291,0.0,0.188615,18.8615
2025-02-13,sn2504,1980,2971,110,401.133,0.0,0.214544,21.4544
2025-02-13,小计,16839,11050,1126,1784.9568,0.0,,
2025-02-13,sn2503,14859,8079,1016,1383.8238,0.0,0.230102,23.0102
2025-02-14,小计,15586,11968,918,1916.1298,0.0,,
2025-02-14,sn2504,3413,3448,477,588.9312,0.0,0.23068,23.068
2025-02-14,sn2503,12173,8520,441,1327.1986,0.0,0.216776,21.6776
2025-02-17,sn2503,12328,8426,-94,1525.6072,1.0,0.246647,24.6647
2025-02-17,sn2504,2346,3887,439,452.4266,0.0,0.24479,24.479
2025-02-17,小计,14694,12333,365,1982.9474,1.0,,
2025-02-17,sn2505,20,20,20,4.9136,0.0,0.207599,20.7599
2025-02-18,sn2505,465,224,204,66.5386,0.0,0.212693,21.2693
2025-02-18,小计,13853,12818,485,1325.5072,1.0,,
2025-02-18,sn2503,11112,8329,-97,888.6036,1.0,0.229032,22.9032
2025-02-18,sn2504,2276,4265,378,370.365,0.0,0.220112,22.0112
2025-02-19,sn2504,1848,4239,-26,421.6542,0.0,0.222014,22.2014
2025-02-19,sn2503,11385,8666,337,805.43,8.0,0.211547,21.1547
2025-02-19,小计,13383,13183,365,1244.873,8.0,,
2025-02-19,sn2505,150,278,54,17.7888,0.0,0.205271,20.5271
2025-02-20,sn2504,1928,4500,261,362.53,0.0,0.220504,22.0504
2025-02-20,sn2505,70,279,1,6.97,0.0,0.209894,20.9894
2025-02-20,小计,18275,13469,286,1256.4314,0.0,,
2025-02-20,sn2503,16277,8690,24,886.9314,0.0,0.216281,21.6281
2025-02-21,sn2504,6948,5438,938,578.7484,0.0,0.215923,21.5923
2025-02-21,sn2503,17975,9526,836,1116.0716,13.0,0.20908,20.908
2025-02-21,小计,25015,15267,1798,1713.2774,13.0,,
2025-02-21,sn2505,92,303,24,18.4574,0.0,0.200442,20.0442
2025-02-24,小计,52178,6590,-8677,3204.5822,1349.0,,
2025-02-24,sn2504,8686,6049,611,1515.947,0.0,0.202965,20.2965
2025-02-24,sn2503,42819,0,-9526,1509.7832,1349.0,0.287219,28.7219
2025-02-24,sn2505,673,541,238,178.852,0.0,0.207552,20.7552
2025-02-25,小计,11966,7960,1370,1651.0226,0.0,,
2025-02-25,sn2505,1206,887,346,362.195,0.0,0.202143,20.2143
2025-02-25,sn2504,10760,7073,1024,1288.8276,0.0,0.208579,20.8579
2025-02-26,小计,10297,8611,651,1394.8566,0.0,,
2025-02-26,sn2504,9851,7639,566,1162.1252,0.0,0.21232,21.232
2025-02-26,sn2505,446,972,85,232.7314,0.0,0.214771,21.4771
2025-02-27,sn2505,1384,1344,372,405.1878,0.0,0.207099,20.7099
2025-02-27,sn2504,26298,11163,3524,3690.5246,0.0,0.243268,24.3268
2025-02-27,小计,27682,12507,3896,4095.7124,0.0,,
2025-02-28,sn2505,1044,1596,252,294.1608,0.0,0.194323,19.4323
2025-02-28,小计,16841,12453,-54,1861.5792,0.0,,
2025-02-28,sn2504,15797,10857,-306,1567.4184,0.0,0.227312,22.7312
2025-03-03,sn2504,13680,11263,406,1073.386,0.0,0.235327,23.5327
2025-03-03,sn2505,1090,1765,169,258.034,0.0,0.192644,19.2644
2025-03-03,小计,14770,13028,575,1331.42,0.0,,
2025-03-04,sn2504,9181,11605,342,603.3674,0.0,0.230706,23.0706
2025-03-04,小计,9641,13426,398,705.1926,0.0,,
2025-03-04,sn2505,460,1821,56,101.8252,0.0,0.194557,19.4557
2025-03-05,小计,13819,13940,514,1328.1784,0.0,,
2025-03-05,sn2504,13476,12056,451,1234.9988,0.0,0.233682,23.3682
2025-03-05,sn2505,343,1884,63,93.1796,0.0,0.192468,19.2468
2025-03-06,sn2505,307,1951,67,73.6348,0.0,0.187266,18.7266
2025-03-06,sn2504,10780,11939,-117,751.3326,0.0,0.224143,22.4143
2025-03-06,小计,11087,13890,-50,824.9674,0.0,,
2025-03-07,sn2505,769,2105,154,217.2804,0.0,0.192122,19.2122
2025-03-07,sn2504,22904,11884,-55,2031.436,0.0,0.217186,21.7186
2025-03-07,小计,23673,13989,99,2248.7164,0.0,,
2025-03-10,sn2505,725,2238,133,220.2452,0.0,0.194298,19.4298
2025-03-10,小计,18959,15203,1214,1636.9142,0.0,,
2025-03-10,sn2504,18234,12965,1081,1416.669,0.0,0.233347,23.3347
2025-03-11,sn2504,14139,13097,132,994.8698,0.0,0.232444,23.2444
2025-03-11,sn2505,952,2421,183,180.7044,0.0,0.199717,19.9717
2025-03-11,小计,15091,15518,315,1175.5742,0.0,,
2025-03-12,sn2505,1051,2651,230,263.7602,0.0,0.180649,18.0649
2025-03-12,sn2504,13130,13777,680,884.5132,0.0,0.222676,22.2676
2025-03-12,小计,14181,16428,910,1148.2734,0.0,,
2025-03-13,小计,12812,17030,602,1053.5854,0.0,,
2025-03-13,sn2504,11930,14280,503,877.3554,0.0,0.211358,21.1358
2025-03-13,sn2505,882,2750,99,176.23,0.0,0.194881,19.4881
2025-03-14,sn2505,5727,3994,1244,2648.8814,21.0,0.263937,26.3937
2025-03-14,小计,204863,44059,27029,47341.6292,67.0,,
2025-03-14,sn2504,199136,40065,25785,44692.7478,46.0,0.397807,39.7807
2025-03-17,小计,168866,53116,9057,28024.5996,2.0,,
2025-03-17,sn2504,162220,47444,7379,25408.6628,0.0,0.493753,49.3753
2025-03-17,sn2505,6646,5672,1678,2615.9368,2.0,0.306128,30.6128
2025-03-18,sn2505,6650,6519,847,1655.5762,0.0,0.293325,29.3325
2025-03-18,sn2504,128217,50868,3424,13545.8428,0.0,0.430713,43.0713
2025-03-18,小计,134867,57387,4271,15201.419,0.0,,
2025-03-19,小计,135574,64746,7359,11800.807,7.0,,
2025-03-19,sn2504,129601,57026,6158,10466.5536,7.0,0.416638,41.6638
2025-03-19,sn2506,415,257,257,125.3488,0.0,0.245625,24.5625
2025-03-19,sn2505,5558,7463,944,1208.9046,0.0,0.279203,27.9203
2025-03-20,小计,118219,64095,-651,9521.849,0.0,,
2025-03-20,sn2506,939,521,264,276.4156,0.0,0.239191,23.9191
2025-03-20,sn2504,110781,55476,-1550,7932.6168,0.0,0.375359,37.5359
2025-03-20,sn2505,6499,8098,635,1312.8166,0.0,0.274353,27.4353
2025-03-21,sn2505,8732,8333,235,1832.2806,0.0,0.26117,26.117
2025-03-21,sn2504,159911,52526,-2950,11826.1588,1.0,0.356688,35.6688
2025-03-21,小计,169326,61396,-2699,13842.6102,1.0,,
2025-03-21,sn2506,683,537,16,184.1708,0.0,0.240788,24.0788
2025-03-24,sn2506,606,811,274,204.487,0.0,0.224588,22.4588
2025-03-24,sn2504,108261,50889,-1637,5027.52,17.0,0.411546,41.1546
2025-03-24,sn2505,5326,8631,298,1050.172,0.0,0.255803,25.5803
2025-03-24,小计,114193,60331,-1065,6282.179,17.0,,
2025-03-25,sn2506,465,941,130,273.751,0.0,0.214281,21.4281
2025-03-25,小计,115007,10925,-49406,5286.6006,2803.0,,
2025-03-25,sn2504,107662,0,-50889,3635.5406,2803.0,0.297589,29.7589
2025-03-25,sn2505,6880,9984,1353,1377.309,0.0,0.25619,25.619
2025-03-26,sn2506,1665,1277,336,1018.637,2.0,0.218264,21.8264
2025-03-26,小计,56845,17858,6933,10701.8616,9.0,,
2025-03-26,sn2505,55180,16581,6597,9683.2246,7.0,0.321569,32.1569
2025-03-27,sn2506,937,1407,130,291.3406,0.0,0.234169,23.4169
2025-03-27,sn2505,42005,18626,2045,5816.9056,0.0,0.325002,32.5002
2025-03-27,小计,42942,20033,2175,6108.2462,0.0,,
2025-03-28,sn2505,51986,20996,2370,8631.364,1.0,0.312198,31.2198
2025-03-28,小计,53020,22529,2496,9127.9424,1.0,,
2025-03-28,sn2506,1034,1533,126,496.5784,0.0,0.230824,23.0824
2025-03-31,sn2506,1070,1633,100,426.1586,0.0,0.250557,25.0557
2025-03-31,sn2505,96324,25742,4746,20736.7966,0.0,0.348191,34.8191
2025-03-31,小计,97394,27375,4846,21162.9552,0.0,,
2025-04-01,sn2505,68907,25732,-10,13377.8166,0.0,0.340165,34.0165
2025-04-01,sn2506,1064,1612,-21,445.3672,0.0,0.258265,25.8265
2025-04-01,小计,69971,27344,-31,13823.1838,0.0,,
2025-04-02,sn2505,137392,28892,3160,41095.666,0.0,0.360377,36.0377
2025-04-02,sn2506,2580,2266,654,1541.8132,0.0,0.265453,26.5453
2025-04-02,小计,139972,31158,3814,42637.4792,0.0,,
2025-04-03,sn2505,91333,30403,1511,20115.2814,0.0,0.355168,35.5168
2025-04-03,小计,93408,32924,1766,20950.7576,0.0,,
2025-04-03,sn2506,2075,2521,255,835.4762,0.0,0.270477,27.0477
2025-04-07,sn2505,54604,28851,-1552,13710.9874,1.0,0.42369,42.369
2025-04-07,sn2506,1588,2522,1,785.251,3.0,0.292578,29.2578
2025-04-07,小计,56192,31373,-1551,14496.2384,4.0,,
2025-04-08,小计,58235,35275,3902,12059.707,0.0,,
2025-04-08,sn2505,56272,32476,3625,10920.1176,0.0,0.435807,43.5807
2025-04-08,sn2506,1963,2799,277,1139.5894,0.0,0.302226,30.2226
2025-04-09,sn2505,104793,35737,3261,21383.0526,0.0,0.483064,48.3064
2025-04-09,sn2506,2152,3280,481,1051.4906,0.0,0.31901,31.901
2025-04-09,小计,106945,39017,3742,22434.5432,0.0,,
2025-04-10,小计,106004,40929,1912,26307.7302,0.0,,
2025-04-10,sn2506,3321,3315,35,1538.2204,0.0,0.354617,35.4617
2025-04-10,sn2505,102683,37614,1877,24769.5098,0.0,0.529491,52.9491
2025-04-11,sn2506,2973,3925,610,1219.7224,0.0,0.346672,34.6672
2025-04-11,sn2505,69440,37573,-41,12986.109,2.0,0.508877,50.8877
2025-04-11,小计,72413,41498,569,14205.8314,2.0,,
2025-04-14,sn2505,76953,42894,5321,10764.6286,0.0,0.536445,53.6445
2025-04-14,小计,79979,47382,5884,11819.6412,0.0,,
2025-04-14,sn2506,3026,4488,563,1055.0126,0.0,0.359175,35.9175
2025-04-15,sn2505,86412,45522,2628,7734.7508,0.0,0.545067,54.5067
2025-04-15,小计,89775,50915,3533,8715.4634,0.0,,
2025-04-15,sn2506,3363,5393,905,980.7126,0.0,0.347478,34.7478
2025-04-16,sn2506,3794,6196,803,910.1824,0.0,0.337569,33.7569
2025-04-16,sn2505,63395,40450,-5072,5014.4454,0.0,0.473784,47.3784
2025-04-16,小计,67189,46646,-4269,5924.6278,0.0,,
2025-04-17,小计,55048,48861,2215,5813.2276,0.0,,
2025-04-17,sn2506,3096,6742,546,857.5418,0.0,0.31465,31.465
2025-04-17,sn2505,51952,42119,1669,4955.6858,0.0,0.432995,43.2995
2025-04-18,小计,83106,50840,1979,8426.0148,0.0,,
2025-04-18,sn2506,2897,7106,364,669.0072,0.0,0.32045,32.045
2025-04-18,sn2505,80209,43734,1615,7757.0076,0.0,0.396439,39.6439
2025-04-21,sn2505,91089,42489,-1245,8535.0212,0.0,0.435675,43.5675
2025-04-21,小计,95556,50059,-781,9425.6322,0.0,,
2025-04-21,sn2506,4467,7570,464,890.611,0.0,0.340069,34.0069
2025-04-22,小计,103974,47606,-2453,8199.8024,42.0,,
2025-04-22,sn2506,3957,7851,281,815.897,5.0,0.337622,33.7622
2025-04-22,sn2505,100017,39755,-2734,7383.9054,37.0,0.444562,44.4562
2025-04-23,sn2506,3469,8255,404,800.004,8.0,0.32676,32.676
2025-04-23,小计,66753,41828,-5778,5166.6478,9.0,,
2025-04-23,sn2505,63284,33573,-6182,4366.6438,1.0,0.429479,42.9479
2025-04-24,sn2505,57844,0,-33573,2975.883,2442.0,0.365711,36.5711
2025-04-24,sn2506,3798,9014,759,834.9652,0.0,0.318634,31.8634
2025-04-24,小计,61642,9014,-32814,3810.8482,2442.0,,
2025-04-25,小计,28798,13349,4335,5806.0802,0.0,,
2025-04-25,sn2506,28458,13128,4114,5671.492,0.0,0.354749,35.4749
2025-04-25,sn2507,340,221,221,134.5882,0.0,0.270396,27.0396
2025-04-28,sn2507,208,325,104,62.7692,0.0,0.26928,26.928
2025-04-28,小计,19945,14972,1623,3409.7678,0.0,,
2025-04-28,sn2506,19737,14647,1519,3346.9986,0.0,0.36055,36.055
2025-04-29,sn2507,156,399,74,45.3426,0.0,0.257743,25.7743
2025-04-29,sn2506,12479,14759,112,2205.127,0.0,0.353512,35.3512
2025-04-29,小计,12635,15158,186,2250.4696,0.0,,
2025-04-30,小计,35641,17376,2218,6239.961,0.0,,
2025-04-30,sn2507,888,772,373,207.8896,0.0,0.292886,29.2886
2025-04-30,sn2506,34753,16604,1845,6032.0714,0.0,0.386844,38.6844
2025-05-06,小计,16602,19639,2263,2389.7874,0.0,,
2025-05-06,sn2507,768,998,226,239.689,0.0,0.266103,26.6103
2025-05-06,sn2506,15834,18641,2037,2150.0984,0.0,0.37886,37.886
2025-05-07,sn2507,743,1094,96,138.418,0.0,0.27812,27.812
2025-05-07,小计,25171,21629,1990,2774.0346,0.0,,
2025-05-07,sn2506,24428,20535,1894,2635.6166,0.0,0.352844,35.2844
2025-05-08,小计,34179,22468,839,3599.905,0.0,,
2025-05-08,sn2507,1415,1578,484,310.182,0.0,0.271148,27.1148
2025-05-08,sn2506,32764,20890,355,3289.723,0.0,0.357131,35.7131
2025-05-09,sn2506,21064,21240,350,1823.7824,0.0,0.33334,33.334
2025-05-09,sn2507,615,1753,175,154.578,0.0,0.231223,23.1223
2025-05-09,小计,21679,22993,525,1978.3604,0.0,,
2025-05-12,sn2507,967,1936,183,179.9416,0.0,0.244533,24.4533
2025-05-12,小计,46368,24874,1881,4655.8936,0.0,,
2025-05-12,sn2506,45401,22938,1698,4475.952,0.0,0.343086,34.3086
2025-05-13,小计,33240,26183,1309,3162.7732,0.0,,
2025-05-13,sn2507,1134,2204,268,215.6516,0.0,0.243316,24.3316
2025-05-13,sn2506,32106,23979,1041,2947.1216,0.0,0.352414,35.2414
2025-05-14,小计,38435,28157,1974,3313.4772,0.0,,
2025-05-14,sn2506,36544,25451,1472,2901.2924,0.0,0.356911,35.6911
2025-05-14,sn2507,1891,2706,502,412.1848,0.0,0.232991,23.2991
2025-05-15,小计,30314,29540,1383,2576.2054,0.0,,
2025-05-15,sn2507,1454,3104,398,281.1084,0.0,0.221061,22.1061
2025-05-15,sn2506,28860,26436,985,2295.097,0.0,0.333437,33.3437
2025-05-16,sn2506,24170,26077,-359,1702.9856,0.0,0.327811,32.7811
2025-05-16,小计,24950,29313,-227,1825.2768,0.0,,
2025-05-16,sn2507,780,3236,132,122.2912,0.0,0.226707,22.6707
2025-05-19,sn2507,960,3285,49,184.634,0.0,0.240571,24.0571
2025-05-19,小计,25161,28377,-936,1779.3222,0.0,,
2025-05-19,sn2506,24201,25092,-985,1594.6882,0.0,0.351036,35.1036
2025-05-20,sn2507,943,3460,175,151.6826,0.0,0.235532,23.5532
2025-05-20,小计,21381,27523,-854,1042.9812,0.0,,
2025-05-20,sn2506,20438,24063,-1029,891.2986,0.0,0.344445,34.4445
2025-05-21,小计,77393,33529,6006,3872.5174,0.0,,
2025-05-21,sn2507,2150,3745,285,364.5018,0.0,0.228521,22.8521
2025-05-21,sn2506,75243,29784,5721,3508.0156,0.0,0.38229,38.229
2025-05-22,sn2506,40540,29459,-325,1573.9202,0.0,0.31592,31.592
2025-05-22,小计,42600,33841,312,1915.6542,0.0,,
2025-05-22,sn2507,2060,4382,637,341.734,0.0,0.230436,23.0436
2025-05-23,sn2507,2065,4732,350,344.4952,0.0,0.216262,21.6262
2025-05-23,小计,36140,30813,-3028,1210.5864,6.0,,
2025-05-23,sn2506,34075,26081,-3378,866.0912,6.0,0.275201,27.5201
2025-05-26,小计,26092,4976,-25837,859.2808,1031.0,,
2025-05-26,sn2506,24422,0,-26081,665.4534,1031.0,0.326399,32.6399
2025-05-26,sn2507,1670,4976,244,193.8274,0.0,0.251916,25.1916
2025-05-27,小计,9729,6815,1839,1033.8156,0.0,,
2025-05-27,sn2507,9605,6711,1735,1004.5704,0.0,0.26216,26.216
2025-05-27,sn2508,124,104,104,29.2452,0.0,0.215786,21.5786
2025-05-28,sn2507,24738,9503,2792,3947.2724,0.0,0.294372,29.4372
2025-05-28,sn2508,476,396,292,123.753,0.0,0.20892,20.892
2025-05-28,小计,25214,9899,3084,4071.0254,0.0,,
2025-05-29,小计,51283,13293,3394,5787.363,0.0,,
2025-05-29,sn2508,1749,863,467,368.452,0.0,0.246371,24.6371
2025-05-29,sn2507,49534,12430,2927,5418.911,0.0,0.320425,32.0425
2025-05-30,sn2508,2615,1567,704,904.5484,0.0,0.230581,23.0581
2025-05-30,sn2507,64031,12887,457,7856.7868,0.0,0.330696,33.0696
2025-05-30,小计,66646,14454,1161,8761.3352,0.0,,
2025-06-03,小计,18109,14812,358,2632.6624,0.0,,
2025-06-03,sn2507,17535,13271,384,2455.4266,0.0,0.32774,32.774
2025-06-03,sn2508,574,1541,-26,177.2358,0.0,0.247779,24.7779
2025-06-04,小计,63377,17183,2371,6619.7464,0.0,,
2025-06-04,sn2507,61500,15288,2017,6117.8068,0.0,0.31779,31.779
2025-06-04,sn2508,1877,1895,354,501.9396,0.0,0.228477,22.8477
2025-06-05,小计,61094,23003,5820,6413.1546,0.0,,
2025-06-05,sn2507,58222,20769,5481,5714.72,0.0,0.320092,32.0092
2025-06-05,sn2508,2872,2234,339,698.4346,0.0,0.239925,23.9925
2025-06-06,小计,46586,22349,-654,6130.9184,0.0,,
2025-06-06,sn2507,44272,19768,-1001,5511.4514,0.0,0.282742,28.2742
2025-06-06,sn2508,2314,2581,347,619.467,0.0,0.22727,22.727
2025-06-09,小计,26853,22964,615,2595.9674,0.0,,
2025-06-09,sn2508,748,2692,111,182.705,0.0,0.213486,21.3486
2025-06-09,sn2507,26105,20272,504,2413.2624,0.0,0.283508,28.3508
2025-06-10,小计,32878,24321,1357,3098.1754,0.0,,
2025-06-10,sn2507,31830,21559,1287,2817.017,0.0,0.273462,27.3462
2025-06-10,sn2508,1048,2762,70,281.1584,0.0,0.216243,21.6243
2025-06-11,sn2508,1006,2840,78,208.6116,0.0,0.215997,21.5997
2025-06-11,sn2507,38308,22302,743,3375.4252,0.0,0.262791,26.2791
2025-06-11,小计,39314,25142,821,3584.0368,0.0,,
2025-06-12,sn2507,25477,22476,174,1938.6162,0.0,0.25007,25.007
2025-06-12,sn2508,979,3069,229,240.9816,0.0,0.206088,20.6088
2025-06-12,小计,26456,25545,403,2179.5978,0.0,,
2025-06-13,sn2507,41487,21432,-1044,2856.684,0.0,0.239913,23.9913
2025-06-13,小计,42587,24550,-995,3140.6062,0.0,,
2025-06-13,sn2508,1100,3118,49,283.9222,0.0,0.217864,21.7864
2025-06-16,小计,38594,24750,200,2705.1416,0.0,,
2025-06-16,sn2507,37702,21525,93,2516.5496,0.0,0.280108,28.0108
2025-06-16,sn2508,892,3225,107,188.592,0.0,0.208738,20.8738
2025-06-17,小计,40601,25017,267,2657.364,6.0,,
2025-06-17,sn2507,39888,21745,220,2527.9556,6.0,0.282262,28.2262
2025-06-17,sn2508,713,3272,47,129.4084,0.0,0.219312,21.9312
2025-06-18,小计,35754,25450,433,2882.9646,0.0,,
2025-06-18,sn2508,1160,3382,110,213.0624,0.0,0.213926,21.3926
2025-06-18,sn2507,34594,22068,323,2669.9022,0.0,0.279699,27.9699
2025-06-19,小计,28257,25798,348,1787.6668,0.0,,
2025-06-19,sn2508,867,3598,216,176.7924,0.0,0.216026,21.6026
2025-06-19,sn2507,27390,22200,132,1610.8744,0.0,0.278001,27.8001
2025-06-20,sn2508,4537,4262,664,879.8714,0.0,0.229434,22.9434
2025-06-20,sn2507,149091,26482,4282,10482.594,0.0,0.311128,31.1128
2025-06-20,小计,153628,30744,4946,11362.4654,0.0,,
2025-06-23,小计,120785,29015,-1729,6104.1022,4.0,,
2025-06-23,sn2507,116855,24110,-2372,5406.8788,4.0,0.378568,37.8568
2025-06-23,sn2508,3930,4905,643,697.2234,0.0,0.246123,24.6123
2025-06-24,sn2507,39459,0,-24110,704.3182,967.0,0.26366,26.366
2025-06-24,小计,42417,5597,-23418,1314.2444,967.0,,
2025-06-24,sn2508,2958,5597,692,609.9262,0.0,0.216474,21.6474
2025-06-25,小计,8502,6695,1098,1207.3986,0.0,,
2025-06-25,sn2508,8182,6395,798,1156.603,0.0,0.234902,23.4902
2025-06-25,sn2509,320,300,300,50.7956,0.0,0.209785,20.9785
2025-06-26,小计,43007,11025,4330,6678.4804,0.0,,
2025-06-26,sn2509,1110,805,505,276.731,0.0,0.19835,19.835
2025-06-26,sn2508,41897,10220,3825,6401.7494,0.0,0.266005,26.6005
2025-06-27,sn2509,790,1152,347,235.967,0.0,0.207069,20.7069
2025-06-27,sn2508,37476,11674,1454,6902.5462,0.0,0.266032,26.6032
2025-06-27,小计,38266,12826,1801,7138.5132,0.0,,
2025-06-30,sn2509,561,1242,90,151.4916,0.0,0.19719,19.719
2025-06-30,sn2508,16053,11728,54,2576.6734,0.0,0.269909,26.9909
2025-06-30,小计,16614,12970,144,2728.165,0.0,,
2025-07-01,sn2508,19387,13172,1444,2417.2126,0.0,0.26588,26.588
2025-07-01,sn2509,923,1521,279,268.5886,0.0,0.192807,19.2807
2025-07-01,小计,20310,14693,1723,2685.8012,0.0,,
2025-07-02,小计,22449,15159,466,2897.4418,0.0,,
2025-07-02,sn2508,21826,13520,348,2764.3444,0.0,0.271965,27.1965
2025-07-02,sn2509,623,1639,118,133.0974,0.0,0.212334,21.2334
2025-07-03,小计,14638,15830,671,1785.0864,0.0,,
2025-07-03,sn2508,14248,14117,597,1702.5178,0.0,0.264662,26.4662
2025-07-03,sn2509,390,1713,74,82.5686,0.0,0.202868,20.2868
2025-07-04,sn2509,663,1881,168,120.0108,0.0,0.21836,21.836
2025-07-04,小计,25302,16859,1029,3259.3518,0.0,,
2025-07-04,sn2508,24639,14978,861,3139.341,0.0,0.279201,27.9201
2025-07-07,sn2508,22699,15317,339,2826.2746,0.0,0.28032,28.032
2025-07-07,sn2509,984,1993,112,272.833,0.0,0.205133,20.5133
2025-07-07,小计,23683,17310,451,3099.1076,0.0,,
2025-07-08,sn2509,791,2055,62,163.4498,0.0,0.207538,20.7538
2025-07-08,小计,20528,17807,497,2260.4318,0.0,,
2025-07-08,sn2508,19737,15752,435,2096.982,0.0,0.269623,26.9623
2025-07-09,小计,30533,19181,1374,3977.12,0.0,,
2025-07-09,sn2509,1769,2535,480,510.738,0.0,0.197961,19.7961
2025-07-09,sn2508,28764,16646,894,3466.382,0.0,0.261466,26.1466
2025-07-10,小计,20156,19375,194,2260.8704,0.0,,
2025-07-10,sn2508,18873,16738,92,2007.2784,0.0,0.246943,24.6943
2025-07-10,sn2509,1283,2637,102,253.592,0.0,0.202519,20.2519
2025-07-11,sn2509,1108,2624,-13,236.208,0.0,0.198134,19.8134
2025-07-11,小计,19203,19169,-206,2080.6326,0.0,,
2025-07-11,sn2508,18095,16545,-193,1844.4246,0.0,0.249811,24.9811
2025-07-14,sn2508,34670,17320,775,3309.9658,0.0,0.297808,29.7808
2025-07-14,sn2509,1912,3024,400,464.2188,0.0,0.206902,20.6902
2025-07-14,小计,36582,20344,1175,3774.1846,0.0,,
2025-07-15,sn2509,1759,3315,291,320.9324,0.0,0.217586,21.7586
2025-07-15,小计,34838,20855,511,3684.5956,0.0,,
2025-07-15,sn2508,33079,17540,220,3363.6632,0.0,0.273956,27.3956
2025-07-16,sn2508,18836,17989,449,1609.3952,0.0,0.251748,25.1748
2025-07-16,sn2509,952,3355,40,154.6688,0.0,0.21867,21.867
2025-07-16,小计,19788,21344,489,1764.064,0.0,,
2025-07-17,小计,33998,22233,889,2951.2544,0.0,,
2025-07-17,sn2508,32832,18674,685,2753.5568,0.0,0.255842,25.5842
2025-07-17,sn2509,1166,3559,204,197.6976,0.0,0.225456,22.5456
2025-07-18,sn2509,1464,3677,118,322.7542,0.0,0.209525,20.9525
2025-07-18,sn2508,34896,18192,-482,2581.125,1.0,0.240575,24.0575
2025-07-18,小计,36360,21869,-364,2903.8792,1.0,,
2025-07-21,sn2508,60017,19290,1098,4943.659,3.0,0.322753,32.2753
2025-07-21,sn2509,3028,3943,266,654.379,0.0,0.225357,22.5357
2025-07-21,小计,63045,23233,1364,5598.038,3.0,,
2025-07-22,sn2509,2138,4415,472,527.8706,0.0,0.227413,22.7413
2025-07-22,小计,34915,22959,-274,2993.3846,0.0,,
2025-07-22,sn2508,32777,18544,-746,2465.514,0.0,0.317978,31.7978
2025-07-23,小计,53032,23243,284,4756.59,1.0,,
2025-07-23,sn2508,49284,18110,-434,3694.1004,1.0,0.365023,36.5023
2025-07-23,sn2509,3748,5133,718,1062.4896,0.0,0.227314,22.7314
2025-07-24,sn2509,7758,6061,928,2861.9246,0.0,0.265194,26.5194
2025-07-24,小计,124850,25428,2185,15094.115,3.0,,
2025-07-24,sn2508,117092,19367,1257,12232.1904,3.0,0.48473,48.473
2025-07-25,小计,53524,6406,-19022,3997.6592,1982.0,,
2025-07-25,sn2509,4033,6406,345,1216.936,0.0,0.276646,27.6646
2025-07-25,sn2508,49491,0,-19367,2780.7232,1982.0,0.379278,37.9278
2025-07-28,小计,10814,7212,806,2997.4674,0.0,,
2025-07-28,sn2510,152,105,105,73.9222,0.0,0.276193,27.6193
2025-07-28,sn2509,10662,7107,701,2923.5452,0.0,0.304357,30.4357
2025-07-29,sn2509,8188,8072,965,1632.1692,0.0,0.257603,25.7603
2025-07-29,sn2510,650,451,346,225.9602,0.0,0.259097,25.9097
2025-07-29,小计,8838,8523,1311,1858.1294,0.0,,
2025-07-30,sn2509,5505,8498,426,1024.3648,0.0,0.259288,25.9288
2025-07-30,sn2510,262,530,79,61.6596,0.0,0.247167,24.7167
2025-07-30,小计,5767,9028,505,1086.0244,0.0,,
2025-07-31,小计,6589,9733,705,1400.4762,0.0,,
2025-07-31,sn2510,695,852,322,243.1548,0.0,0.203173,20.3173
2025-07-31,sn2509,5894,8881,383,1157.3214,0.0,0.233175,23.3175
2025-08-01,sn2510,674,1069,217,236.6952,0.0,0.209006,20.9006
2025-08-01,sn2509,7931,9874,993,1591.3128,2.0,0.240018,24.0018
2025-08-01,小计,8605,10943,1210,1828.008,2.0,,
2025-08-04,sn2509,7664,10603,729,1285.8512,0.0,0.261712,26.1712
2025-08-04,小计,8085,11766,823,1417.1678,0.0,,
2025-08-04,sn2510,421,1163,94,131.3166,0.0,0.209601,20.9601
2025-08-05,小计,6540,12409,643,1046.388,0.0,,
2025-08-05,sn2510,412,1272,109,131.1438,0.0,0.207401,20.7401
2025-08-05,sn2509,6128,11137,534,915.2442,0.0,0.24223,24.223
2025-08-06,小计,5561,12447,38,713.923,0.0,,
2025-08-06,sn2510,288,1363,91,85.2658,0.0,0.198762,19.8762
2025-08-06,sn2509,5273,11084,-53,628.6572,0.0,0.217901,21.7901
2025-08-07,sn2510,301,1445,82,95.3162,0.0,0.205028,20.5028
2025-08-07,小计,6301,12727,280,903.2882,0.0,,
2025-08-07,sn2509,6000,11282,198,807.972,0.0,0.199837,19.9837
2025-08-08,sn2510,396,1551,106,107.0666,0.0,0.196589,19.6589
2025-08-08,小计,6709,12967,240,919.1704,6.0,,
2025-08-08,sn2509,6313,11416,134,812.1038,6.0,0.203318,20.3318
2025-08-11,sn2509,5861,11711,295,708.4202,0.0,0.220633,22.0633
2025-08-11,sn2510,364,1628,77,90.7358,0.0,0.206379,20.6379
2025-08-11,小计,6225,13339,372,799.156,0.0,,
2025-08-12,sn2509,58060,15057,3346,8190.116,1.0,0.337438,33.7438
2025-08-12,小计,59661,17004,3665,8541.062,1.0,,
2025-08-12,sn2510,1601,1947,319,350.946,0.0,0.222437,22.2437
2025-08-13,sn2510,691,2115,168,145.6836,0.0,0.225431,22.5431
2025-08-13,sn2509,16126,15356,299,1455.5402,0.0,0.297855,29.7855
2025-08-13,小计,16817,17471,467,1601.2238,0.0,,
2025-08-14,sn2509,15101,15832,476,1320.2548,0.0,0.252763,25.2763
2025-08-14,sn2510,913,2239,124,171.159,0.0,0.211298,21.1298
2025-08-14,小计,16014,18071,600,1491.4138,0.0,,
2025-08-15,sn2509,20796,16895,1063,1339.5718,0.0,0.228095,22.8095
2025-08-15,小计,22338,19512,1441,1574.2268,0.0,,
2025-08-15,sn2510,1542,2617,378,234.655,0.0,0.195952,19.5952
2025-08-18,sn2510,866,2844,227,137.1938,0.0,0.217156,21.7156
2025-08-18,sn2509,14730,17996,1101,982.254,0.0,0.246927,24.6927
2025-08-18,小计,15596,20840,1328,1119.4478,0.0,,
2025-08-19,sn2510,1005,3100,256,196.3962,0.0,0.205617,20.5617
2025-08-19,sn2509,31325,19162,1166,1554.4078,3.0,0.248445,24.8445
2025-08-19,小计,32330,22262,1422,1750.804,3.0,,
2025-08-20,sn2509,83575,20428,1266,5397.595,0.0,0.273204,27.3204
2025-08-20,小计,85364,23767,1505,5760.9604,0.0,,
2025-08-20,sn2510,1789,3339,239,363.3654,0.0,0.208432,20.8432
2025-08-21,小计,36482,24148,381,1882.7366,14.0,,
2025-08-21,sn2510,1271,3677,338,179.38,0.0,0.218004,21.8004
2025-08-21,sn2509,35211,20471,43,1703.3566,14.0,0.244277,24.4277
2025-08-22,sn2510,1417,3949,272,221.729,0.0,0.205432,20.5432
2025-08-22,sn2509,33159,19200,-1271,1154.5584,7.0,0.210521,21.0521
2025-08-22,小计,34576,23149,-999,1376.2874,7.0,,
2025-08-25,sn2509,89901,0,-19200,3527.2858,1193.0,0.287782,28.7782
2025-08-25,小计,93999,4818,-18331,4200.4524,1193.0,,
2025-08-25,sn2510,4098,4818,869,673.1666,0.0,0.227882,22.7882
2025-08-26,sn2510,7225,5822,1004,1005.9598,0.0,0.230199,23.0199
2025-08-26,小计,7280,5875,1057,1016.9078,0.0,,
2025-08-26,sn2511,55,53,53,10.948,0.0,0.211225,21.1225
2025-08-27,sn2511,361,309,256,89.2262,0.0,0.206815,20.6815
2025-08-27,小计,40517,8259,2384,5093.2688,2.0,,
2025-08-27,sn2510,40156,7950,2128,5004.0426,2.0,0.275418,27.5418
2025-08-28,sn2510,26135,9111,1161,2856.178,0.0,0.281919,28.1919
2025-08-28,sn2511,942,676,367,131.4176,0.0,0.21194,21.194
2025-08-28,小计,27077,9787,1528,2987.5956,0.0,,
2025-08-29,小计,67015,14186,4399,11872.4798,0.0,,
2025-08-29,sn2510,64827,12938,3827,11215.376,0.0,0.293572,29.3572
2025-08-29,sn2511,2188,1248,572,657.1038,0.0,0.214627,21.4627
2025-09-01,sn2511,1579,1574,326,575.2396,0.0,0.200109,20.0109
2025-09-01,小计,44783,14421,235,7958.1854,0.0,,
2025-09-01,sn2510,43204,12847,-91,7382.9458,0.0,0.288288,28.8288
2025-09-02,sn2511,1078,1760,186,286.0014,0.0,0.206735,20.6735
2025-09-02,sn2510,30681,12567,-280,4423.7954,0.0,0.300609,30.0609
2025-09-02,小计,31759,14327,-94,4709.7968,0.0,,
2025-09-03,sn2510,18608,13078,511,2643.3832,0.0,0.26587,26.587
2025-09-03,sn2511,1892,1932,172,518.0088,0.0,0.192387,19.2387
2025-09-03,小计,20500,15010,683,3161.392,0.0,,
2025-09-04,sn2511,699,2051,119,180.5876,0.0,0.194994,19.4994
2025-09-04,sn2510,16639,13609,531,2015.4878,0.0,0.27338,27.338
2025-09-04,小计,17338,15660,650,2196.0754,0.0,,
2025-09-05,sn2511,573,2303,252,136.3258,0.0,0.184662,18.4662
2025-09-05,sn2510,11810,13434,-175,1400.2814,0.0,0.255801,25.5801
2025-09-05,小计,12383,15737,77,1536.6072,0.0,,
2025-09-08,sn2511,1814,2324,21,545.1616,0.0,0.195824,19.5824
2025-09-08,sn2510,34560,14700,1266,3909.4508,0.0,0.286657,28.6657
2025-09-08,小计,36374,17024,1287,4454.6124,0.0,,
2025-09-09,sn2510,12105,15444,744,1229.2176,0.0,0.264168,26.4168
2025-09-09,小计,13101,18020,996,1499.9554,0.0,,
2025-09-09,sn2511,996,2576,252,270.7378,0.0,0.193917,19.3917
2025-09-10,小计,17548,18866,846,1899.5394,0.0,,
2025-09-10,sn2511,983,2692,116,281.7286,0.0,0.192985,19.2985
2025-09-10,sn2510,16565,16174,730,1617.8108,0.0,0.268842,26.8842
2025-09-11,sn2511,1209,2848,156,266.5698,0.0,0.197645,19.7645
2025-09-11,sn2510,32013,17460,1286,2664.0024,0.0,0.300128,30.0128
2025-09-11,小计,33222,20308,1442,2930.5722,0.0,,
2025-09-12,sn2510,37224,17136,-324,2966.5448,0.0,0.282718,28.2718
2025-09-12,小计,38647,20176,-132,3345.3802,0.0,,
2025-09-12,sn2511,1423,3040,192,378.8354,0.0,0.194069,19.4069
2025-09-15,sn2510,28455,18133,997,2470.4806,0.0,0.30411,30.411
2025-09-15,小计,29799,21283,1107,2928.8074,0.0,,
2025-09-15,sn2511,1344,3150,110,458.3268,0.0,0.19324,19.324
2025-09-16,sn2510,22260,17978,-155,1904.3976,0.0,0.270027,27.0027
2025-09-16,sn2511,1300,3287,137,339.6962,0.0,0.196497,19.6497
2025-09-16,小计,23560,21265,-18,2244.0938,0.0,,
2025-09-17,小计,39604,22345,1080,3518.3264,0.0,,
2025-09-17,sn2510,37875,18877,899,3038.1116,0.0,0.283115,28.3115
2025-09-17,sn2511,1729,3468,181,480.2148,0.0,0.197967,19.7967
2025-09-18,sn2510,32617,18812,-65,2403.1438,11.0,0.248383,24.8383
2025-09-18,sn2511,2105,3866,398,492.1318,0.0,0.18735,18.735
2025-09-18,小计,34722,22678,333,2895.2756,11.0,,
2025-09-19,sn2511,1635,4183,317,455.934,0.0,0.18241,18.241
2025-09-19,sn2510,37994,18426,-386,2220.3946,0.0,0.251594,25.1594
2025-09-19,小计,39629,22609,-69,2676.3286,0.0,,
2025-09-22,sn2510,50478,18271,-155,3311.6366,1.0,0.280135,28.0135
2025-09-22,sn2511,2088,4358,175,464.5646,0.0,0.203694,20.3694
2025-09-22,小计,52566,22629,20,3776.2012,1.0,,
2025-09-23,sn2511,2139,4565,207,477.7062,0.0,0.184744,18.4744
2025-09-23,小计,39329,22130,-499,2124.9756,0.0,,
2025-09-23,sn2510,37190,17565,-706,1647.2694,0.0,0.25339,25.339
2025-09-24,sn2510,36793,0,-17565,998.347,1055.0,0.233513,23.3513
2025-09-24,sn2511,2205,4913,348,434.1402,0.0,0.204091,20.4091
2025-09-24,小计,38998,4913,-17217,1432.4872,1055.0,,
2025-09-25,sn2512,1324,642,642,550.413,0.0,0.193926,19.3926
2025-09-25,sn2511,9230,6441,1528,2270.4262,0.0,0.216523,21.6523
2025-09-25,小计,10554,7083,2170,2820.8392,0.0,,
2025-09-26,小计,14846,8118,1035,2813.679,0.0,,
2025-09-26,sn2512,841,973,331,232.7502,0.0,0.203805,20.3805
2025-09-26,sn2511,14005,7145,704,2580.9288,0.0,0.247086,24.7086
2025-09-29,小计,12827,8878,760,2457.4304,1.0,,
2025-09-29,sn2512,1697,1384,411,558.0702,0.0,0.194342,19.4342
2025-09-29,sn2511,11130,7494,349,1899.3602,1.0,0.238271,23.8271
2025-09-30,sn2511,107137,12927,5433,39534.178,0.0,0.377125,37.7125
2025-09-30,sn2512,1862,1961,577,762.5008,0.0,0.251954,25.1954
2025-09-30,小计,108999,14888,6010,40296.6788,0.0,,
2025-10-09,sn2512,2510,2846,885,1485.9482,0.0,0.270269,27.0269
2025-10-09,sn2511,37122,14325,1398,9948.2342,0.0,0.353088,35.3088
2025-10-09,小计,39632,17171,2283,11434.1824,0.0,,
2025-10-10,sn2512,3043,3478,632,1580.9734,0.0,0.239157,23.9157
2025-10-10,小计,48553,19469,2298,10363.631,2.0,,
2025-10-10,sn2511,45510,15991,1666,8782.6576,2.0,0.309444,30.9444
2025-10-13,sn2512,3502,4073,595,1212.9414,0.0,0.253907,25.3907
2025-10-13,sn2511,42118,17186,1195,5916.1778,0.0,0.283545,28.3545
2025-10-13,小计,45620,21259,1790,7129.1192,0.0,,
2025-10-14,sn2512,2612,4387,314,917.1904,0.0,0.243453,24.3453
2025-10-14,小计,39491,22177,918,6139.5742,0.0,,
2025-10-14,sn2511,36879,17790,604,5222.3838,0.0,0.291096,29.1096
2025-10-15,小计,20775,22394,217,2674.729,0.0,,
2025-10-15,sn2511,19827,17813,23,2393.8474,0.0,0.264384,26.4384
2025-10-15,sn2512,948,4581,194,280.8816,0.0,0.24479,24.479
2025-10-16,sn2511,22974,18534,721,2326.483,0.0,0.26047,26.047
2025-10-16,小计,23697,23132,738,2528.7204,0.0,,
2025-10-16,sn2512,723,4598,17,202.2374,0.0,0.24235,24.235
2025-10-17,小计,48120,24680,1548,5331.2808,0.0,,
2025-10-17,sn2512,1755,4930,332,567.996,0.0,0.227953,22.7953
2025-10-17,sn2511,46365,19750,1216,4763.2848,0.0,0.293353,29.3353
2025-10-20,sn2512,2343,4980,50,664.8438,0.0,0.233157,23.3157
2025-10-20,sn2511,28529,18444,-1306,2671.4956,0.0,0.270128,27.0128
2025-10-20,小计,30872,23424,-1256,3336.3394,0.0,,
2025-10-21,sn2512,1370,5301,321,359.8828,0.0,0.227788,22.7788
2025-10-21,小计,51612,24453,1029,2971.4236,0.0,,
2025-10-21,sn2511,50242,19152,708,2611.5408,0.0,0.318643,31.8643
2025-10-22,sn2511,25294,18458,-694,1277.1448,0.0,0.259179,25.9179
2025-10-22,sn2512,1201,5419,118,197.5676,0.0,0.239006,23.9006
2025-10-22,sn2601,12,12,12,3.8618,0.0,0.204322,20.4322
2025-10-22,小计,26507,23889,-564,1478.5742,0.0,,
2025-10-23,sn2511,21088,17870,-588,1148.3268,0.0,0.234949,23.4949
2025-10-23,sn2512,1316,5744,325,259.897,0.0,0.20945,20.945
2025-10-23,小计,22768,23793,-96,1676.8266,0.0,,
2025-10-23,sn2601,364,179,167,268.6028,0.0,0.181678,18.1678
2025-10-24,sn2601,16,193,14,6.2284,0.0,0.193282,19.3282
2025-10-24,小计,67919,26265,2472,5605.2394,39.0,,
2025-10-24,sn2511,62395,19373,1503,4097.5774,39.0,0.284016,28.4016
2025-10-24,sn2512,5508,6699,955,1501.4336,0.0,0.22469,22.469
2025-10-27,sn2511,67172,0,-19373,2898.8426,2274.0,0.259375,25.9375
2025-10-27,小计,78355,9333,-16932,6761.2018,2274.0,,
2025-10-27,sn2601,989,734,541,623.923,0.0,0.193658,19.3658
2025-10-27,sn2512,10194,8599,1900,3238.4362,0.0,0.25353,25.353
2025-10-28,sn2601,744,1002,268,367.665,0.0,0.194405,19.4405
2025-10-28,小计,15212,11215,1882,3863.6508,0.0,,
2025-10-28,sn2512,14468,10213,1614,3495.9858,0.0,0.245517,24.5517
2025-10-29,sn2512,22146,11952,1739,4969.259,0.0,0.261789,26.1789
2025-10-29,小计,22408,13043,1828,5118.3882,0.0,,
2025-10-29,sn2601,262,1091,89,149.1292,0.0,0.201667,20.1667
2025-10-30,sn2601,207,1193,102,85.5084,0.0,0.195972,19.5972
2025-10-30,小计,14104,13919,876,2941.674,0.0,,
2025-10-30,sn2512,13897,12726,774,2856.1656,0.0,0.247,24.7
2025-10-31,小计,19200,14727,808,3364.1102,0.0,,
2025-10-31,sn2601,905,1329,136,279.4654,0.0,0.202704,20.2704
2025-10-31,sn2512,18295,13398,672,3084.6448,0.0,0.243585,24.3585
2025-11-03,sn2601,362,1421,92,150.6666,0.0,0.201528,20.1528
2025-11-03,sn2512,18839,13791,393,2695.7998,0.0,0.264425,26.4425
2025-11-03,小计,19201,15212,485,2846.4664,0.0,,
2025-11-04,小计,19635,15718,506,2487.7304,0.0,,
2025-11-04,sn2512,19318,14272,481,2350.5684,0.0,0.24424,24.424
2025-11-04,sn2601,317,1446,25,137.162,0.0,0.198004,19.8004
2025-11-05,sn2601,1143,1839,393,287.3566,0.0,0.200718,20.0718
2025-11-05,小计,24431,16529,811,3019.4752,0.0,,
2025-11-05,sn2512,23288,14690,418,2732.1186,0.0,0.228124,22.8124
2025-11-06,sn2601,644,2009,170,167.6312,0.0,0.185721,18.5721
2025-11-06,小计,20324,17219,690,1919.9744,0.0,,
2025-11-06,sn2512,19680,15210,520,1752.3432,0.0,0.233763,23.3763
2025-11-07,sn2601,394,2072,63,103.2766,0.0,0.1744,17.44
2025-11-07,小计,18446,17693,474,1544.1556,0.0,,
2025-11-07,sn2512,18052,15621,411,1440.879,0.0,0.215808,21.5808
2025-11-10,sn2601,1300,2371,299,277.4522,0.0,0.190926,19.0926
2025-11-10,sn2512,43221,15839,218,4130.7398,0.0,0.234567,23.4567
2025-11-10,小计,44524,18213,520,4408.8366,0.0,,
2025-11-10,sn2602,3,3,3,0.6446,0.0,0.184823,18.4823
2025-11-11,sn2602,1,4,1,0.0744,0.0,0.204219,20.4219
2025-11-11,sn2601,845,2482,111,204.6918,0.0,0.188861,18.8861
2025-11-11,sn2512,28038,17301,1462,2759.3906,0.0,0.246158,24.6158
2025-11-11,小计,28884,19787,1574,2964.1568,0.0,,
2025-11-12,sn2602,26,27,23,7.813,0.0,0.206506,20.6506
2025-11-12,小计,121438,23699,3912,18980.3236,0.0,,
2025-11-12,sn2601,3485,3043,561,1133.2472,0.0,0.20838,20.838
2025-11-12,sn2512,117927,20629,3328,17839.2634,0.0,0.289242,28.9242
2025-11-13,sn2601,4889,4082,1039,1850.7332,0.0,0.229805,22.9805
2025-11-13,sn2602,118,118,91,32.9246,0.0,0.21732,21.732
2025-11-13,小计,113828,26813,3114,24899.2154,1.0,,
2025-11-13,sn2512,108821,22613,1984,23015.5576,1.0,0.2765,27.65
2025-11-14,sn2601,3155,4480,398,1026.8538,0.0,0.21987,21.987
2025-11-14,小计,67171,26541,-272,10698.1392,0.0,,
2025-11-14,sn2512,63872,21894,-719,9650.1678,0.0,0.252233,25.2233
2025-11-14,sn2602,144,167,49,21.1176,0.0,0.218832,21.8832
2025-11-17,sn2601,2353,4544,64,582.114,0.0,0.209472,20.9472
2025-11-17,小计,47607,26575,34,5013.077,1.0,,
2025-11-17,sn2602,292,248,81,32.3794,0.0,0.220997,22.0997
2025-11-17,sn2512,44962,21783,-111,4398.5836,1.0,0.251124,25.1124
2025-11-18,sn2602,28,262,14,7.7038,0.0,0.197655,19.7655
2025-11-18,小计,61103,27032,457,5160.5432,0.0,,
2025-11-18,sn2601,2019,4627,83,563.5184,0.0,0.194753,19.4753
2025-11-18,sn2512,59056,22143,360,4589.321,0.0,0.252963,25.2963
2025-11-19,sn2602,197,299,37,35.3508,0.0,0.218374,21.8374
2025-11-19,小计,126153,31318,4286,13707.8144,8.0,,
2025-11-19,sn2601,4769,5300,673,1329.0414,0.0,0.212938,21.2938
2025-11-19,sn2512,121187,25719,3576,12343.4222,8.0,0.256751,25.6751
2025-11-20,sn2512,74222,24037,-1682,7437.2826,1.0,0.256487,25.6487
2025-11-20,sn2602,350,386,87,106.5126,0.0,0.19505,19.505
2025-11-20,小计,79462,30249,-1069,8911.5324,1.0,,
2025-11-20,sn2601,4890,5826,526,1367.7372,0.0,0.217098,21.7098
2025-11-21,sn2602,631,736,350,93.692,0.0,0.196601,19.6601
2025-11-21,小计,69270,29411,-838,4475.5002,0.0,,
2025-11-21,sn2512,65242,22703,-1334,3540.753,0.0,0.229607,22.9607
2025-11-21,sn2601,3397,5972,146,841.0552,0.0,0.20274,20.274
2025-11-24,sn2601,6729,7053,1081,1970.2348,0.0,0.219113,21.9113
2025-11-24,sn2602,1852,1035,299,508.8196,0.0,0.199853,19.9853
2025-11-24,小计,134637,8088,-21323,8112.5176,2233.0,,
2025-11-24,sn2512,126056,0,-22703,5633.4632,2233.0,0.277051,27.7051
2025-11-25,小计,22560,10308,2220,5669.4304,0.0,,
2025-11-25,sn2602,1426,1363,328,525.12,0.0,0.197299,19.7299
2025-11-25,sn2601,21134,8945,1892,5144.3104,0.0,0.227925,22.7925
2025-11-26,sn2601,24531,11135,2190,6093.6612,0.0,0.221011,22.1011
2025-11-26,小计,25168,12576,2268,6316.0962,0.0,,
2025-11-26,sn2602,637,1441,78,222.435,0.0,0.198335,19.8335
2025-11-27,小计,56417,18153,5577,17067.873,0.0,,
2025-11-27,sn2602,3910,2351,910,1633.7382,0.0,0.210436,21.0436
2025-11-27,sn2601,52333,15669,4534,15334.9038,0.0,0.253351,25.3351
2025-11-27,sn2603,174,133,133,99.231,0.0,0.207177,20.7177
2025-11-28,sn2601,40580,17821,2152,11742.0468,1.0,0.267219,26.7219
2025-11-28,sn2603,82,176,43,22.624,0.0,0.214515,21.4515
2025-11-28,小计,43063,20739,2586,12862.0338,1.0,,
2025-11-28,sn2602,2401,2742,391,1097.363,0.0,0.214139,21.4139
2025-12-01,小计,51523,21339,600,18939.8086,2.0,,
2025-12-01,sn2602,1940,3028,286,1052.5112,1.0,0.233329,23.3329
2025-12-01,sn2601,49489,18095,274,17840.4008,1.0,0.295351,29.5351
2025-12-01,sn2603,94,216,40,46.8966,0.0,0.223525,22.3525
2025-12-02,小计,34706,21453,114,10906.9822,0.0,,
2025-12-02,sn2601,33404,18034,-61,10288.0838,0.0,0.284755,28.4755
2025-12-02,sn2602,1282,3204,176,615.2616,0.0,0.240939,24.0939
2025-12-02,sn2603,20,215,-1,3.6368,0.0,0.2209,22.09
2025-12-03,sn2603,70,214,-1,22.2606,0.0,0.227438,22.7438
2025-12-03,sn2601,55275,19807,1773,20248.3486,0.0,0.303952,30.3952
2025-12-03,sn2602,3466,3775,571,1647.0164,0.0,0.243461,24.3461
2025-12-03,小计,58811,23796,2343,21917.6256,0.0,,
2025-12-04,sn2603,295,322,108,128.892,0.0,0.234516,23.4516
2025-12-04,sn2602,3378,4238,463,1819.6034,0.0,0.262583,26.2583
2025-12-04,sn2601,82353,20490,683,35908.19,0.0,0.316184,31.6184
2025-12-04,小计,86026,25050,1254,37856.6854,0.0,,
2025-12-05,小计,69848,27622,2572,26467.6288,0.0,,
2025-12-05,sn2601,67343,22785,2295,25239.234,0.0,0.309098,30.9098
2025-12-05,sn2603,130,356,34,37.9674,0.0,0.232902,23.2902
2025-12-05,sn2602,2375,4481,243,1190.4274,0.0,0.265559,26.5559
2025-12-08,小计,50617,28160,538,14754.325,0.0,,
2025-12-08,sn2601,49232,23096,311,14233.9542,0.0,0.310469,31.0469
2025-12-08,sn2602,1321,4679,198,500.618,0.0,0.26343,26.343
2025-12-08,sn2603,64,385,29,19.7528,0.0,0.235803,23.5803
2025-12-09,sn2602,1671,4851,172,701.4888,0.0,0.234995,23.4995
2025-12-09,小计,56754,28609,449,13006.1652,0.0,,
2025-12-09,sn2603,201,455,70,50.7574,0.0,0.231897,23.1897
2025-12-09,sn2601,54882,23303,207,12253.919,0.0,0.281288,28.1288
2025-12-10,sn2601,65343,24241,938,15622.0938,0.0,0.295197,29.5197
2025-12-10,sn2603,163,473,18,39.8494,0.0,0.215962,21.5962
2025-12-10,小计,68911,29944,1335,17272.9034,0.0,,
2025-12-10,sn2602,3405,5230,379,1610.9602,0.0,0.243549,24.3549
2025-12-11,sn2601,67986,26204,1963,17147.162,0.0,0.28952,28.952
2025-12-11,小计,70508,31948,2004,18346.277,0.0,,
2025-12-11,sn2602,2384,5266,36,1159.3246,0.0,0.238367,23.8367
2025-12-11,sn2603,138,478,5,39.7904,0.0,0.224913,22.4913
2025-12-12,sn2601,126052,26986,782,44292.436,25.0,0.308636,30.8636
2025-12-12,sn2603,470,536,58,143.8082,0.0,0.236504,23.6504
2025-12-12,小计,135444,34704,2756,49323.482,25.0,,
2025-12-12,sn2602,8922,7182,1916,4887.2378,0.0,0.260236,26.0236
2025-12-15,sn2602,7661,8657,1475,4554.0744,0.0,0.285182,28.5182
2025-12-15,sn2603,369,638,102,116.5616,0.0,0.244485,24.4485
2025-12-15,sn2601,101075,29944,2958,34210.1842,0.0,0.37383,37.383
2025-12-15,小计,109112,39246,4542,38884.57,0.0,,
2025-12-15,sn2604,7,7,7,3.7498,0.0,0.241887,24.1887
2025-12-16,小计,96824,42907,3661,21337.1144,0.0,,
2025-12-16,sn2602,7498,10290,1633,3523.5128,0.0,0.243984,24.3984
2025-12-16,sn2604,101,89,82,63.8814,0.0,0.224233,22.4233
2025-12-16,sn2603,385,589,-49,102.0224,0.0,0.237005,23.7005
2025-12-16,sn2601,88840,31939,1995,17647.6978,0.0,0.323257,32.3257
2025-12-17,sn2601,102647,32831,892,18964.721,0.0,0.327381,32.7381
2025-12-17,sn2603,1336,994,405,534.829,0.0,0.227029,22.7029
2025-12-17,小计,114390,46022,3115,24019.1474,0.0,,
2025-12-17,sn2602,10246,12050,1760,4463.3878,0.0,0.23665,23.665
2025-12-17,sn2604,161,147,58,56.2096,0.0,0.204489,20.4489
2025-12-18,sn2602,14692,13803,1753,9297.56,0.0,0.271261,27.1261
2025-12-18,sn2603,477,1074,80,249.9576,0.0,0.266311,26.6311
2025-12-18,小计,189625,48035,2013,54833.763,20.0,,
2025-12-18,sn2601,174265,32963,132,45229.103,20.0,0.395251,39.5251
2025-12-18,sn2604,191,195,48,57.1424,0.0,0.230315,23.0315
2025-12-19,sn2604,158,232,37,46.3766,0.0,0.238721,23.8721
2025-12-19,sn2601,175759,34335,1372,39508.982,68.0,0.381426,38.1426
2025-12-19,sn2602,13704,15867,2064,9549.5068,1.0,0.297682,29.7682
2025-12-19,sn2603,1279,1340,266,740.538,0.0,0.268569,26.8569
2025-12-19,小计,190900,51774,3739,49845.4034,69.0,,
2025-12-22,小计,178485,54772,2998,41027.0492,34.0,,
2025-12-22,sn2604,60,247,15,13.0128,0.0,0.239797,23.9797
2025-12-22,sn2603,1038,1533,193,498.8192,0.0,0.273214,27.3214
2025-12-22,sn2602,14543,17140,1273,9789.8216,2.0,0.298385,29.8385
2025-12-22,sn2601,162844,35852,1517,30725.3956,32.0,0.424312,42.4312
2025-12-23,sn2601,108148,34700,-1152,15447.6686,15.0,0.399998,39.9998
2025-12-23,sn2602,8573,18179,1039,5759.2654,0.0,0.304729,30.4729
2025-12-23,sn2604,18,258,11,9.896,0.0,0.251109,25.1109
2025-12-23,小计,117556,54727,-45,21690.8232,15.0,,
2025-12-23,sn2603,817,1590,57,473.9932,0.0,0.267958,26.7958
2025-12-24,sn2604,24,261,3,12.8546,0.0,0.260896,26.0896
2025-12-24,sn2602,18324,18790,611,11181.7042,3.0,0.313869,31.3869
2025-12-24,sn2601,184637,31804,-2896,27420.5546,11.0,0.424562,42.4562
2025-12-24,sn2603,735,1681,91,495.1082,0.0,0.275767,27.5767
2025-12-24,小计,203720,52536,-2191,39110.2216,14.0,,
2025-12-25,小计,187687,22945,-29591,26056.6402,3132.0,,
2025-12-25,sn2604,31,271,10,22.7204,0.0,0.265161,26.5161
2025-12-25,sn2601,168996,0,-31804,16080.5596,3131.0,0.36076,36.076
2025-12-25,sn2603,1095,2021,340,599.6414,0.0,0.273889,27.3889
2025-12-25,sn2602,17565,20653,1863,9353.7188,1.0,0.321818,32.1818
2025-12-26,小计,51868,22217,-728,30650.8806,0.0,,
2025-12-26,sn2604,488,426,155,391.8716,0.0,0.26859,26.859
2025-12-26,sn2603,941,2144,123,793.743,0.0,0.313062,31.3062
2025-12-26,sn2602,50439,19647,-1006,29465.266,0.0,0.37179,37.179
2025-12-29,sn2603,1133,2271,127,1260.6128,0.0,0.391797,39.1797
2025-12-29,小计,52773,21642,-575,44212.8214,0.0,,
2025-12-29,sn2602,50725,18766,-881,42254.1088,0.0,0.457757,45.7757
2025-12-29,sn2604,915,605,179,698.0998,0.0,0.298952,29.8952
2025-12-30,sn2605,10,10,10,8.6102,0.0,0.251443,25.1443
2025-12-30,sn2603,2502,3050,779,2319.0144,0.0,0.357317,35.7317
2025-12-30,sn2604,487,683,78,266.6294,0.0,0.279236,27.9236
2025-12-30,小计,69556,24751,3109,37449.7962,1.0,,
2025-12-30,sn2602,66557,21008,2242,34855.5422,1.0,0.403582,40.3582
2025-12-31,sn2604,394,789,106,241.7914,0.0,0.270757,27.0757
2025-12-31,sn2603,4128,4000,950,2660.7296,0.0,0.328794,32.8794
2025-12-31,小计,59660,27080,2329,24407.82,0.0,,
2025-12-31,sn2605,72,13,3,62.0338,0.0,0.311336,31.1336
2025-12-31,sn2602,55066,22278,1270,21443.2652,0.0,0.372723,37.2723
2026-01-05,sn2602,22879,22971,693,8665.135,0.0,0.381419,38.1419
2026-01-05,sn2603,457,4068,68,271.2556,0.0,0.314052,31.4052
2026-01-05,sn2605,3,15,2,1.0304,0.0,0.235364,23.5364
2026-01-05,小计,23432,27845,765,8981.3498,0.0,,
2026-01-05,sn2604,93,791,2,43.9288,0.0,0.270732,27.0732
2026-01-06,小计,67619,28259,414,34247.392,0.0,,
2026-01-06,sn2605,15,30,15,10.105,0.0,0.286764,28.6764
2026-01-06,sn2604,428,835,44,310.2308,0.0,0.32839,32.839
2026-01-06,sn2603,4159,4124,56,2862.7856,0.0,0.377708,37.7708
2026-01-06,sn2602,63017,23270,299,31064.2706,0.0,0.423102,42.3102
2026-01-07,小计,87154,29007,748,65286.7002,0.0,,
2026-01-07,sn2605,234,166,136,132.8318,0.0,0.294526,29.4526
2026-01-07,sn2602,81360,23210,-60,60013.0972,0.0,0.486155,48.6155
2026-01-07,sn2604,349,858,23,430.9908,0.0,0.34622,34.622
2026-01-07,sn2603,5211,4773,649,4709.7804,0.0,0.416073,41.6073
2026-01-08,sn2605,67,209,43,56.1158,0.0,0.312413,31.2413
2026-01-08,sn2602,56475,23395,185,29614.628,4.0,0.484526,48.4526
2026-01-08,小计,61945,30203,1196,34074.8744,4.0,,
2026-01-08,sn2603,5038,5604,831,3977.1658,0.0,0.426145,42.6145
2026-01-08,sn2604,365,995,137,426.9648,0.0,0.334942,33.4942
2026-01-09,sn2605,73,227,18,60.003,0.0,0.317223,31.7223
2026-01-09,sn2604,231,1024,29,198.8518,0.0,0.345201,34.5201
2026-01-09,sn2603,4163,6503,899,2741.382,0.0,0.388778,38.8778
2026-01-09,小计,52727,32410,2207,24795.0288,0.0,,
2026-01-09,sn2602,48260,24656,1261,21794.792,0.0,0.451276,45.1276
2026-01-12,sn2602,64733,25428,772,47621.5822,6.0,0.530269,53.0269
2026-01-12,sn2603,7343,6925,422,7612.8848,2.0,0.435103,43.5103
2026-01-12,sn2605,188,315,88,142.9052,0.0,0.3142,31.42
2026-01-12,sn2604,335,1074,50,465.6258,0.0,0.369554,36.9554
2026-01-12,小计,72599,33742,1332,55842.998,8.0,,
2026-01-13,sn2602,99267,26499,1071,91323.2916,0.0,0.619456,61.9456
2026-01-13,sn2604,355,1126,52,603.8974,0.0,0.43764,43.764
2026-01-13,小计,109806,35034,1292,103957.0208,0.0,,
2026-01-13,sn2603,10124,7089,164,11976.9664,0.0,0.54661,54.661
2026-01-13,sn2605,60,320,5,52.8654,0.0,0.377916,37.7916
2026-01-14,小计,96417,41330,6296,118311.2762,13.0,,
2026-01-14,sn2604,156,1172,46,290.308,0.0,0.507793,50.7793
2026-01-14,sn2605,48,347,27,51.1934,0.0,0.413234,41.3234
2026-01-14,sn2603,4828,8032,943,8940.5098,4.0,0.621928,62.1928
2026-01-14,sn2602,91385,31779,5280,109029.265,9.0,0.700633,70.0633
2026-01-15,sn2604,445,1204,32,722.7334,0.0,0.593437,59.3437
2026-01-15,小计,133184,49160,7830,187080.8364,150.0,,
2026-01-15,sn2603,9687,8848,816,19887.9574,1.0,0.72028,72.028
2026-01-15,sn2605,335,517,170,515.5402,0.0,0.562299,56.2299
2026-01-15,sn2602,122717,38591,6812,165954.6054,149.0,0.898829,89.8829
2026-01-16,小计,167477,58570,9410,111803.1324,0.0,,
2026-01-16,sn2605,174,560,43,338.5062,0.0,0.581423,58.1423
2026-01-16,sn2604,1617,1597,393,3359.7584,0.0,0.586152,58.6152
2026-01-16,sn2603,11128,11128,2280,17760.8928,0.0,0.698943,69.8943
2026-01-16,sn2602,154558,45285,6694,90343.975,0.0,0.761052,76.1052
2026-01-19,sn2602,162183,45086,-199,66637.443,1.0,0.6737,67.37
2026-01-19,sn2603,16219,13936,2808,17804.8932,1.0,0.574152,57.4152
2026-01-19,sn2605,779,680,120,905.4364,0.0,0.503611,50.3611
2026-01-19,小计,182494,61983,3413,90177.6434,2.0,,
2026-01-19,sn2604,3313,2281,684,4829.8708,0.0,0.486856,48.6856
2026-01-20,sn2604,2772,2895,614,3007.6114,0.0,0.412911,41.2911
2026-01-20,sn2605,769,911,231,783.2574,0.0,0.439303,43.9303
2026-01-20,sn2603,12536,14850,914,10306.8658,1.0,0.52512,52.512
2026-01-20,sn2602,160179,48911,3825,50335.4204,11.0,0.572737,57.2737
2026-01-20,小计,176256,67567,5584,64433.155,12.0,,
2026-01-21,sn2605,1010,1149,238,745.5518,0.0,0.438805,43.8805
2026-01-21,sn2602,258391,52399,3488,82798.6818,107.0,0.568079,56.8079
2026-01-21,sn2604,2789,3291,396,3772.933,0.0,0.415785,41.5785
2026-01-21,小计,283015,74549,6982,106460.9144,116.0,,
2026-01-21,sn2603,20825,17710,2860,19143.7478,9.0,0.532571,53.2571
2026-01-22,sn2605,983,1166,17,576.326,0.0,0.443582,44.3582
2026-01-22,sn2602,249231,57107,4708,81001.0218,30.0,0.614094,61.4094
2026-01-22,sn2604,2567,3599,308,3870.254,0.0,0.425506,42.5506
2026-01-22,小计,273761,80397,5848,105144.0144,30.0,,
2026-01-22,sn2603,20980,18525,815,19696.4126,0.0,0.556199,55.6199
2026-01-23,sn2605,267,1183,17,252.8758,0.0,0.457197,45.7197
2026-01-23,小计,372274,75718,-4679,145187.3768,849.0,,
2026-01-23,sn2603,26083,19038,513,40137.6254,11.0,0.591919,59.1919
2026-01-23,sn2602,342572,51668,-5439,97634.344,838.0,0.550745,55.0745
2026-01-23,sn2604,3352,3829,230,7162.5316,0.0,0.464983,46.4983
2026-01-26,sn2606,63,44,44,137.7992,0.0,0.418298,41.8298
2026-01-26,sn2605,587,1267,84,444.1434,0.0,0.520929,52.0929
2026-01-26,小计,413618,26738,-48980,158651.4342,4534.0,,
2026-01-26,sn2603,41559,21134,2096,64396.174,0.0,0.677275,67.7275
2026-01-26,sn2602,369099,0,-51668,88421.3132,4534.0,0.640365,64.0365
2026-01-26,sn2604,2310,4293,464,5252.0044,0.0,0.473584,47.3584
2026-01-27,小计,72474,31971,5233,85294.751,0.0,,
2026-01-27,sn2603,67576,25724,4590,75658.3774,0.0,0.730401,73.0401
2026-01-27,sn2604,4573,4936,643,9332.143,0.0,0.507343,50.7343
2026-01-27,sn2605,316,1268,1,293.8122,0.0,0.509254,50.9254
2026-01-27,sn2606,9,43,-1,10.4184,0.0,0.442397,44.2397
2026-01-28,sn2603,97425,28895,3171,131258.62,1.0,0.775469,77.5469
2026-01-28,sn2604,8104,5463,527,23343.5278,0.0,0.527474,52.7474
2026-01-28,sn2606,151,126,83,370.1392,0.0,0.47991,47.991
2026-01-28,sn2605,665,1407,139,930.1082,0.0,0.556258,55.6258
2026-01-28,小计,106345,35891,3920,155902.3952,1.0,,
2026-01-29,sn2603,66055,28631,-264,78375.9388,8.0,0.758227,75.8227
2026-01-29,sn2604,1990,5461,-2,5274.7132,0.0,0.564274,56.4274
2026-01-29,小计,68664,35851,-40,85050.6418,8.0,,
2026-01-29,sn2606,18,135,9,27.0462,0.0,0.477216,47.7216
2026-01-29,sn2605,601,1624,217,1372.9436,0.0,0.530074,53.0074
2026-01-30,sn2606,19,142,7,44.7472,0.0,0.484524,48.4524
2026-01-30,sn2605,900,1655,31,858.9878,0.0,0.560708,56.0708
2026-01-30,小计,101903,34001,-1850,138445.1972,3.0,,
2026-01-30,sn2604,5884,4531,-930,16209.9436,0.0,0.585062,58.5062
2026-01-30,sn2603,95100,27673,-958,121331.5186,3.0,0.78319,78.319
2026-02-02,小计,64895,33891,-110,56125.788,4.0,,
2026-02-02,sn2605,824,1582,-73,1238.2644,0.0,0.534299,53.4299
2026-02-02,sn2606,8,148,6,14.0048,0.0,0.500418,50.0418
2026-02-02,sn2603,60814,27674,1,47657.17,1.0,0.850074,85.0074
2026-02-02,sn2604,3249,4487,-44,7216.3488,3.0,0.612181,61.2181
2026-02-03,sn2603,97499,27814,140,67479.2538,0.0,0.79415,79.415
2026-02-03,sn2606,22,161,13,43.5206,0.0,0.523048,52.3048
2026-02-03,sn2604,4784,4864,377,9266.6194,0.0,0.577509,57.7509
2026-02-03,sn2605,580,1587,5,707.3772,0.0,0.511666,51.1666
2026-02-03,小计,102885,34426,535,77496.771,0.0,,
2026-02-04,sn2604,3888,5154,290,7312.595,0.0,0.576156,57.6156
2026-02-04,sn2606,68,199,38,206.2706,0.0,0.50888,50.888
2026-02-04,sn2603,103231,31590,3776,52458.4416,5.0,0.761681,76.1681
2026-02-04,sn2605,403,1568,-19,451.6798,0.0,0.54963,54.963
2026-02-04,小计,107590,38511,4085,60428.987,5.0,,
2026-02-05,小计,111477,38792,281,59355.4352,4.0,,
2026-02-05,sn2606,47,193,-6,86.639,0.0,0.535125,53.5125
2026-02-05,sn2605,282,1495,-73,344.382,0.0,0.567803,56.7803
2026-02-05,sn2604,7261,5262,108,11866.7182,0.0,0.550872,55.0872
2026-02-05,sn2603,103887,31842,252,47057.696,4.0,0.693402,69.3402
2026-02-06,sn2606,22,195,2,32.4836,0.0,0.586332,58.6332
2026-02-06,sn2603,83347,32176,334,38373.1204,15.0,0.696208,69.6208
2026-02-06,sn2604,4129,5696,434,6542.1422,0.0,0.586476,58.6476
2026-02-06,小计,87605,39567,775,45095.4506,15.0,,
2026-02-06,sn2605,107,1500,5,147.7044,0.0,0.608032,60.8032
2026-02-09,小计,126805,43924,4357,49688.2306,1.0,,
2026-02-09,sn2604,3426,6343,647,5437.558,0.0,0.620746,62.0746
2026-02-09,sn2606,41,207,12,62.006,0.0,0.586551,58.6551
2026-02-09,sn2603,123256,35870,3694,44082.0826,1.0,0.8243,82.43
2026-02-09,sn2605,82,1504,4,106.584,0.0,0.599978,59.9978
2026-02-10,sn2606,148,271,64,149.2452,0.0,0.499231,49.9231
2026-02-10,sn2603,167345,37835,1965,52589.8274,43.0,0.715833,71.5833
2026-02-10,小计,170993,46500,2576,57793.9658,43.0,,
2026-02-10,sn2604,3376,6881,538,4877.3276,0.0,0.562495,56.2495
2026-02-10,sn2605,124,1513,9,177.5656,0.0,0.519127,51.9127
2026-02-11,小计,179677,43942,-2558,60025.3378,8.0,,
2026-02-11,sn2606,18,279,8,22.6728,0.0,0.518819,51.8819
2026-02-11,sn2605,88,1510,-3,179.8782,0.0,0.53368,53.368
2026-02-11,sn2603,175718,34733,-3102,55065.1214,8.0,0.668948,66.8948
2026-02-11,sn2604,3853,7420,539,4757.6654,0.0,0.491821,49.1821
2026-02-12,sn2603,149742,29649,-5084,36580.831,53.0,0.62439,62.439
2026-02-12,小计,153295,39245,-4697,40334.5926,53.0,,
2026-02-12,sn2605,93,1517,7,63.363,0.0,0.507946,50.7946
2026-02-12,sn2604,3428,7799,379,3633.1542,0.0,0.497311,49.7311
2026-02-12,sn2606,32,280,1,57.2444,0.0,0.514762,51.4762
2026-02-13,sn2605,123,1498,-19,72.567,0.0,0.472245,47.2245
2026-02-13,sn2603,188405,0,-29649,29657.4188,4522.0,0.538255,53.8255
2026-02-13,sn2604,9306,9633,1834,9659.4776,0.0,0.470467,47.0467
2026-02-13,小计,197915,11425,-27820,39489.7538,4522.0,,
2026-02-13,sn2606,81,294,14,100.2904,0.0,0.471796,47.1796
2026-02-24,sn2606,190,363,69,163.8344,0.0,0.518612,51.8612
2026-02-24,sn2605,285,1563,65,223.3554,0.0,0.526803,52.6803
2026-02-24,sn2604,8866,10564,931,7215.3762,0.0,0.510114,51.0114
2026-02-24,小计,9341,12490,1065,7602.566,0.0,,
2026-02-25,sn2605,349,1635,72,438.3782,0.0,0.535633,53.5633
2026-02-25,sn2606,85,376,13,117.4642,0.0,0.515167,51.5167
2026-02-25,小计,73313,18774,6284,71680.7244,0.0,,
2026-02-25,sn2604,72879,16763,6199,71124.882,0.0,0.597384,59.7384
2026-02-26,sn2606,307,505,129,412.8972,0.0,0.458059,45.8059
2026-02-26,小计,89062,21849,3075,84265.116,0.0,,
2026-02-26,sn2604,88088,19542,2779,82934.2398,0.0,0.63048,63.048
2026-02-26,sn2605,667,1802,167,917.979,0.0,0.491428,49.1428
2026-02-27,sn2606,223,567,62,120.4782,0.0,0.48001,48.001
2026-02-27,sn2604,147670,25085,5543,153919.9968,1.0,0.626508,62.6508
2026-02-27,小计,151564,27982,6133,160374.412,1.0,,
2026-02-27,sn2605,3671,2330,528,6333.937,0.0,0.520699,52.0699
2026-03-02,sn2606,184,614,47,139.1326,0.0,0.514113,51.4113
2026-03-02,小计,143982,28323,341,149321.1144,12.0,,
2026-03-02,sn2604,138878,25101,16,138599.5122,12.0,0.65005,65.005
2026-03-02,sn2605,4920,2608,278,10582.4696,0.0,0.566284,56.6284
2026-03-03,sn2606,82,598,-16,48.1486,0.0,0.534036,53.4036
2026-03-03,sn2605,2667,2907,299,4110.6204,0.0,0.574374,57.4374
2026-03-03,sn2604,127375,23768,-1333,92102.908,0.0,0.645212,64.5212
2026-03-03,小计,130124,27273,-1050,96261.677,0.0,,
2026-03-04,sn2604,119352,25029,1261,84758.9598,0.0,0.69673,69.673
2026-03-04,sn2605,2719,3100,193,5196.0662,0.0,0.596441,59.6441
2026-03-04,sn2606,77,596,-2,90.2234,0.0,0.520326,52.0326
2026-03-04,小计,122148,28725,1452,90045.2494,0.0,,
2026-03-05,小计,110818,29060,335,79115.1672,2.0,,
2026-03-05,sn2604,107674,24964,-65,74094.199,2.0,0.687729,68.7729
2026-03-05,sn2606,315,593,-3,335.7986,0.0,0.531444,53.1444
2026-03-05,sn2605,2829,3503,403,4685.1696,0.0,0.555392,55.5392
2026-03-06,sn2604,62431,26565,1601,39436.6542,3.0,0.681091,68.1091
2026-03-06,sn2606,151,597,4,174.2728,0.0,0.532458,53.2458
2026-03-06,小计,64041,30698,1638,42435.9844,3.0,,
2026-03-06,sn2605,1459,3536,33,2825.0574,0.0,0.578914,57.8914
2026-03-09,sn2605,1503,3694,158,2378.1578,0.0,0.609862,60.9862
2026-03-09,sn2604,83130,27482,917,48716.02,0.0,0.714407,71.4407
2026-03-09,小计,84811,31769,1071,51292.481,0.0,,
2026-03-09,sn2606,178,593,-4,198.3032,0.0,0.550413,55.0413
2026-03-10,sn2604,92413,28795,1313,59007.3896,0.0,0.777599,77.7599
2026-03-10,sn2605,1343,3675,-19,2056.4416,0.0,0.600271,60.0271
2026-03-10,sn2606,271,623,30,224.1792,0.0,0.526972,52.6972
2026-03-10,小计,94027,33093,1324,61288.0104,0.0,,
2026-03-11,小计,81351,35120,2027,50826.4336,2.0,,
2026-03-11,sn2604,77524,29928,1133,45046.5148,2.0,0.741698,74.1698
2026-03-11,sn2606,370,683,60,343.6868,0.0,0.520646,52.0646
2026-03-11,sn2605,3457,4509,834,5436.232,0.0,0.544333,54.4333
2026-03-12,sn2606,171,711,28,106.3826,0.0,0.507012,50.7012
2026-03-12,小计,63678,37069,1949,29850.5258,2.0,,
2026-03-12,sn2605,1917,4705,196,2791.0506,0.0,0.513403,51.3403
2026-03-12,sn2604,61590,31653,1725,26953.0926,2.0,0.675218,67.5218
2026-03-13,sn2606,297,811,100,238.0924,0.0,0.478578,47.8578
2026-03-13,小计,69020,37953,884,29424.7794,4.0,,
2026-03-13,sn2605,2196,5388,683,2479.0418,0.0,0.49808,49.808
2026-03-13,sn2604,66527,31754,101,26707.6452,4.0,0.64152,64.152
2026-03-16,sn2606,145,830,19,122.8104,0.0,0.524349,52.4349
2026-03-16,小计,97917,38250,297,45983.7594,2.0,,
2026-03-16,sn2604,94717,31885,131,42074.9474,2.0,0.700715,70.0715
2026-03-16,sn2605,3055,5535,147,3786.0016,0.0,0.535314,53.5314
2026-03-17,sn2604,88089,33467,1582,29483.9002,2.0,0.68199,68.199
2026-03-17,小计,90807,40543,2293,32166.5076,2.0,,
2026-03-17,sn2605,2591,6219,684,2596.545,0.0,0.50111,50.111
2026-03-17,sn2606,127,857,27,86.0624,0.0,0.499923,49.9923
2026-03-18,sn2606,400,916,59,332.6318,0.0,0.468161,46.8161
2026-03-18,sn2605,3686,6842,623,3137.7766,0.0,0.477543,47.7543
2026-03-18,sn2604,98508,33912,445,27037.1334,3.0,0.572275,57.2275
2026-03-18,小计,102594,41670,1127,30507.5418,3.0,,
2026-03-19,sn2604,113489,33632,-280,39862.471,12.0,0.560794,56.0794
2026-03-19,sn2605,6364,7151,309,5722.7644,0.0,0.502639,50.2639
2026-03-19,sn2606,607,942,26,918.9098,0.0,0.451044,45.1044
2026-03-19,小计,120460,41725,55,46504.1452,12.0,,
2026-03-20,sn2606,982,1080,138,1525.0908,0.0,0.505578,50.5578
2026-03-20,sn2607,263,131,131,432.448,0.0,0.457924,45.7924
2026-03-20,sn2604,147077,35194,1562,46303.5788,20.0,0.645684,64.5684
2026-03-20,小计,156862,43775,2050,57657.9542,20.0,,
2026-03-20,sn2605,8540,7370,219,9396.8366,0.0,0.546218,54.6218
2026-03-23,sn2607,152,216,85,238.2882,0.0,0.472063,47.2063
2026-03-23,sn2605,7772,8177,807,6367.8948,0.0,0.565713,56.5713
2026-03-23,sn2606,822,1417,337,1126.7902,0.0,0.510469,51.0469
2026-03-23,小计,164003,43749,-26,55140.962,19.0,,
2026-03-23,sn2604,155257,33939,-1255,47407.9888,19.0,0.801753,80.1753
2026-03-24,sn2606,631,1430,13,595.8416,0.0,0.557855,55.7855
2026-03-24,小计,209396,46501,2752,60219.0586,6.0,,
2026-03-24,sn2607,178,230,14,240.443,0.0,0.49295,49.295
2026-03-24,sn2604,200986,35818,1879,54316.0284,6.0,0.767217,76.7217
2026-03-24,sn2605,7601,9023,846,5066.7456,0.0,0.60518,60.518
2026-03-25,小计,242214,12005,-34496,50796.3712,3949.0,,
2026-03-25,sn2605,10353,10264,1241,6606.1732,0.0,0.582249,58.2249
2026-03-25,sn2607,148,304,74,131.4448,0.0,0.468768,46.8768
2026-03-25,sn2606,1364,1437,7,1825.1586,0.0,0.480598,48.0598
2026-03-25,sn2604,230349,0,-35818,42233.5946,3949.0,0.5996,59.96
2026-03-26,sn2607,414,419,115,311.8138,0.0,0.452955,45.2955
2026-03-26,小计,23688,15326,3321,11367.79,0.0,,
2026-03-26,sn2606,405,1437,0,433.3128,0.0,0.499145,49.9145
2026-03-26,sn2605,22869,13470,3206,10622.6634,0.0,0.575205,57.5205
2026-03-27,sn2605,54865,16172,2702,26342.3542,0.0,0.572673,57.2673
2026-03-27,sn2607,152,456,37,180.139,0.0,0.457542,45.7542
2026-03-27,sn2606,1116,1645,208,1348.9714,0.0,0.459649,45.9649
2026-03-27,小计,56133,18273,2947,27871.4646,0.0,,
2026-03-30,小计,81640,20804,2531,43263.1146,0.0,,
2026-03-30,sn2605,81109,18701,2529,42615.12,0.0,0.610301,61.0301
2026-03-30,sn2606,507,1645,0,611.1534,0.0,0.501483,50.1483
2026-03-30,sn2607,24,458,2,36.8412,0.0,0.485245,48.5245
2026-03-31,sn2607,6,460,2,5.6806,0.0,0.450516,45.0516
2026-03-31,小计,70096,21943,1139,36731.3568,0.0,,
2026-03-31,sn2606,614,1697,52,702.8738,0.0,0.471699,47.1699
2026-03-31,sn2605,69476,19786,1085,36022.8024,0.0,0.593129,59.3129
2026-04-01,小计,56502,23050,1107,28317.3066,0.0,,
2026-04-01,sn2605,55089,20742,956,26739.4698,0.0,0.559954,55.9954
2026-04-01,sn2607,4,458,-2,1.5828,0.0,0.476129,47.6129
2026-04-01,sn2606,1409,1850,153,1576.254,0.0,0.452306,45.2306
2026-04-02,sn2605,67795,20603,-139,28112.3416,0.0,0.54343,54.343
2026-04-02,小计,69039,22929,-121,29544.5564,0.0,,
2026-04-02,sn2606,1080,1867,17,1280.477,0.0,0.446069,44.6069
2026-04-02,sn2607,164,459,1,151.7378,0.0,0.400438,40.0438
2026-04-03,sn2605,43212,20750,147,16689.5258,0.0,0.530678,53.0678
2026-04-03,小计,45094,23345,416,18934.9852,0.0,,
2026-04-03,sn2606,1875,2129,262,2237.9206,0.0,0.44786,44.786
2026-04-03,sn2607,7,466,7,7.5388,0.0,0.477292,47.7292
2026-04-07,sn2607,229,532,66,217.5654,0.0,0.443309,44.3309
2026-04-07,sn2606,1867,2231,102,2163.1908,0.0,0.420233,42.0233
2026-04-07,sn2605,22239,20602,-148,7397.545,0.0,0.534265,53.4265
2026-04-07,小计,24335,23365,20,9778.3012,0.0,,
2026-04-08,sn2606,1109,2457,226,1007.0402,0.0,0.442963,44.2963
2026-04-08,sn2605,54201,21110,508,22618.1232,0.0,0.523718,52.3718
2026-04-08,小计,55342,24102,737,23647.7886,0.0,,
2026-04-08,sn2607,32,535,3,22.6252,0.0,0.43598,43.598
2026-04-09,sn2606,727,2595,138,560.4016,0.0,0.430115,43.0115
2026-04-09,小计,46844,25205,1103,18409.1546,0.0,,
2026-04-09,sn2605,46103,22073,963,17843.282,0.0,0.483451,48.3451
2026-04-09,sn2607,14,537,2,5.471,0.0,0.441804,44.1804
2026-04-10,sn2606,1164,2897,302,1013.9552,0.0,0.415575,41.5575
2026-04-10,sn2605,66047,22076,3,20680.1718,0.0,0.429709,42.9709
2026-04-10,小计,67249,25511,306,21704.1156,0.0,,
2026-04-10,sn2607,38,538,1,9.9886,0.0,0.444674,44.4674
2026-04-13,sn2607,63,547,9,26.9944,0.0,0.4173,41.73
2026-04-13,小计,47313,26063,552,15484.4704,8.0,,
2026-04-13,sn2606,1630,3239,342,1183.5228,0.0,0.399851,39.9851
2026-04-13,sn2605,45620,22277,201,14273.9532,8.0,0.45794,45.794
2026-04-14,小计,109894,28468,2405,35456.1694,0.0,,
2026-04-14,sn2606,1829,3586,347,1494.075,0.0,0.414792,41.4792
2026-04-14,sn2607,259,568,21,84.4526,0.0,0.408734,40.8734
2026-04-14,sn2605,107806,24314,2037,33877.6418,0.0,0.473526,47.3526
2026-04-15,sn2607,112,615,47,38.3948,0.0,0.382677,38.2677
2026-04-15,sn2606,3037,4273,687,2372.8958,0.0,0.421368,42.1368
2026-04-15,小计,168587,32037,3569,66020.128,3.0,,
2026-04-15,sn2605,165438,27149,2835,63608.8374,3.0,0.536587,53.6587
2026-04-16,sn2606,1787,4419,146,1223.2816,0.0,0.425138,42.5138
2026-04-16,sn2607,40,618,3,16.8978,0.0,0.405486,40.5486
2026-04-16,小计,96504,33088,1051,33265.1172,0.0,,
2026-04-16,sn2605,94677,28051,902,32024.9378,0.0,0.506002,50.6002
2026-04-17,小计,99812,36266,3178,33550.1586,0,,
2026-04-17,sn2605,97496,30766,2715,32038.6646,0,0.519769,51.9769
2026-04-17,sn2607,434,779,161,225.07,0,0.404011,40.4011
2026-04-17,sn2606,1882,4721,302,1286.424,0,0.413703,41.3703
2026-04-20,sn2605,94830,31501,735,28106.2596,7,0.562641,56.2641
2026-04-20,sn2607,422,836,57,215.2634,0,0.40995,40.995
2026-04-20,小计,97806,37697,1431,29795.5476,7,,
2026-04-20,sn2606,2554,5360,639,1474.0246,0,0.420797,42.0797
2026-04-21,sn2607,91,812,-24,87.6074,0,0.374062,37.4062
2026-04-21,sn2606,4690,5949,589,3396.6126,0,0.397699,39.7699
2026-04-21,小计,164807,40594,2897,40675.7602,20,,
2026-04-21,sn2605,160026,33833,2332,37191.5402,20,0.554111,55.4111
2026-04-22,sn2607,56,808,-4,36.3764,0,0.381491,38.1491
2026-04-22,sn2605,111619,31643,-2190,18957.8926,23,0.494819,49.4819
2026-04-22,小计,114881,39124,-1470,20864.1138,23,,
2026-04-22,sn2606,3206,6673,724,1869.8448,0,0.381166,38.1166
2026-04-23,sn2605,145530,28393,-3250,19540.5106,8,0.457456,45.7456
2026-04-23,sn2607,288,889,81,240.6626,0,0.342664,34.2664
2026-04-23,sn2606,4511,7566,893,2534.4356,0,0.366848,36.6848
2026-04-23,小计,150329,36848,-2276,22315.6088,8,,
2026-04-24,sn2605,142776,25860,-2533,12683.7838,,,
2026-04-24,sn2606,6108,8747,1181,2336.4984,,,
2026-04-24,sn2608,33,22,22,34.8552,,,
2026-04-24,小计,149262,35659,-1189,15163.0888,,,
2026-04-24,sn2607,345,1030,141,107.9514,,,
2026-04-27,小计,25334,11581,1927,9054.2184,0,,
2026-04-27,sn2608,76,87,65,60.7598,0,0.337758,33.7758
2026-04-27,sn2606,25052,10449,1825,8859.6026,0,0.382744,38.2744
2026-04-27,sn2607,206,1045,37,133.856,0,0.349457,34.9457
2026-04-28,小计,33359,14022,2441,10935.9988,0,,
2026-04-28,sn2606,32700,12651,2202,10667.5002,0,0.36426,36.426
2026-04-28,sn2608,41,112,25,23.284,0,0.326585,32.6585
2026-04-28,sn2607,618,1259,214,245.2146,0,0.315572,31.5572
2026-04-29,sn2606,36929,14269,1618,10596.3532,0,0.37282,37.282
2026-04-29,sn2607,402,1408,149,253.8898,0,0.305867,30.5867
2026-04-29,sn2608,46,142,30,20.1752,0,0.305549,30.5549
2026-04-29,小计,37377,15819,1797,10870.4182,0,,
2026-04-30,sn2606,48038,15123,854,15107.1416,0,0.370242,37.0242
2026-04-30,sn2608,16,150,8,8.2514,0,0.298912,29.8912
2026-04-30,小计,48892,16825,1006,15764.0946,0,,
2026-04-30,sn2607,838,1552,144,648.7016,0,0.318895,31.8895
2026-05-06,sn2606,115237,21164,6041,52497.2264,0,0.497374,49.7374
2026-05-06,小计,117960,23518,6693,54883.287,0,,
2026-05-06,sn2607,2500,2190,638,2243.608,0,0.374721,37.4721
2026-05-06,sn2608,223,164,14,142.4526,0,0.32963,32.963
2026-05-07,小计,154849,27371,3853,90623.1236,0,,
2026-05-07,sn2607,2134,2120,-70,2455.4318,0,0.398126,39.8126
2026-05-07,sn2608,95,192,28,42.6706,0,0.374876,37.4876
2026-05-07,sn2606,152620,25059,3895,88125.0212,0,0.496368,49.6368
2026-05-08,sn2608,62,244,52,13.3312,0,0.403592,40.3592
2026-05-08,小计,131464,29897,2526,75405.9938,2,,
2026-05-08,sn2606,130093,27214,2155,73945.485,2,0.484183,48.4183
2026-05-08,sn2607,1309,2439,319,1447.1776,0,0.39352,39.352
2026-05-11,小计,109067,31533,1636,55218.792,0,,
2026-05-11,sn2608,84,293,49,50.3334,0,0.384293,38.4293
2026-05-11,sn2606,107008,28411,1197,53006.7324,0,0.488323,48.8323
2026-05-11,sn2607,1975,2829,390,2161.7262,0,0.396273,39.6273
2026-05-12,小计,131614,35443,3910,82561.5236,3,,
2026-05-12,sn2606,128927,31811,3400,79294.6978,3,0.493318,49.3318
2026-05-12,sn2609,26,22,22,27.2302,0,0.361515,36.1515
2026-05-12,sn2608,46,324,31,42.0186,0,0.381573,38.1573
2026-05-12,sn2607,2615,3286,457,3197.577,0,0.400603,40.0603
2026-05-13,sn2607,1446,3603,317,1610.447,0,0.399337,39.9337
2026-05-13,sn2606,110573,34277,2466,56362.0948,0,0.469844,46.9844
2026-05-13,小计,112215,38309,2866,58118.7588,0,,
2026-05-13,sn2608,112,371,47,70.236,0,0.412138,41.2138
2026-05-13,sn2609,84,58,36,75.981,0,0.365391,36.5391
2026-05-14,sn2608,63,366,-5,34.384,0,0.40477,40.477
2026-05-14,sn2609,18,65,7,15.5494,0,0.377609,37.7609
2026-05-14,sn2606,131778,36405,2128,69979.0364,0,0.48796,48.796
2026-05-14,sn2607,2836,4051,448,2841.3874,0,0.411627,41.1627
2026-05-14,小计,134695,40887,2578,72870.3572,0,,
